,EmployeeID,ManagerID,FirstName,MiddleName,LastName,JobTitle,NationalIDNumber,BirthDate,MaritalStatus,Gender,HireDate,PhoneNumber,EmailAddress
0,259,250,Ben,T,Miller,Buyer,b'gAAAAABjUQoGvBt6oRAIAldfTwPac8s7yk-GyfHUSFC6-qPnBPg9cHmO-1WAxr9vrzN9gshXK-QRGgcYUPGJ1eOMWmu60g25dQ==',7/5/1967 0:00,M,M,4/9/2004 0:00,<function SecurePII.to_hash.<locals>.<lambda>.<locals>.<lambda> at 0x00000147B0A1FD90>,zachary91@example.org
1,278,274,Garrett,R,Vargas,Sales Representative,b'gAAAAABjUQoGAfOg-qE6gaKEVLgEC1NePGnHRnDriXzGc7X0AMX6H8dOibIxMZdQDXMxjlLDhXG946bNtAxKnnMfzF2_jQQIxA==',3/7/1969 0:00,M,M,7/1/2005 0:00,<function SecurePII.to_hash.<locals>.<lambda>.<locals>.<lambda> at 0x00000147B0A1FEB0>,matthew20@example.net
2,204,26,Gabe,B,Mares,Production Technician - WC40,b'gAAAAABjUQoGCoFx237zah5SfkwzdJwYloJ89Be6JpqHFesW7so4uARY3kAYHl56w9Hr6j_6grLjnOq2RhlAgq0j66DBeFeWZA==',6/11/1982 0:00,M,M,4/9/2003 0:00,<function SecurePII.to_hash.<locals>.<lambda>.<locals>.<lambda> at 0x00000147B0A1FF40>,ramosmichelle@example.org
3,78,26,Reuben,H,D'sa,Production Supervisor - WC40,b'gAAAAABjUQoGzGcJPANn-OffoJPwG9aX5-NhxCy0OnJY1wXZ-0ZR7L4I-T56qUn0S3Z4cngWVBMaCy86XEMN8Mjnb_2hci-5Qw==',9/27/1981 0:00,M,M,1/16/2003 0:00,<function SecurePII.to_hash.<locals>.<lambda>.<locals>.<lambda> at 0x00000147B0A64040>,michael56@example.org
4,255,250,Gordon,L,Hee,Buyer,b'gAAAAABjUQoGDJkndSRLlppYJCx38Lj_6WMTQCOMrtQMHS232iy1J7r7BuYnDcPQBjAyLr3mWYa4LHehRb3sa5XbWgCkeICRvg==',12/30/1960 0:00,M,M,2/12/2004 0:00,<function SecurePII.to_hash.<locals>.<lambda>.<locals>.<lambda> at 0x00000147B0A640D0>,ahurley@example.org
5,66,26,Karan,R,Khanna,Production Technician - WC60,b'gAAAAABjUQoGbQAEoj0cdUoOLBa5vH4Hpl1ZD0xZ0Jzt_iFCtaC6MbtWbOJ6Z0emaWwLF5zRPqrQ8Y8geFNReq08D4K2TqMWJw==',4/7/1964 0:00,S,M,1/23/2004 0:00,<function SecurePII.to_hash.<locals>.<lambda>.<locals>.<lambda> at 0x00000147B0A64160>,robert62@example.org
6,270,263,François,P,Ajenstat,Database Administrator,b'gAAAAABjUQoGGNs3whUqP55u3MPcaxPjnkRpAZLtqWTTjRWyHyUWHzhLpQ22-qJppFjjPGbR9Mn3si7zzNkzeXSasOM11wBH7A==',6/17/1969 0:00,S,M,2/18/2003 0:00,<function SecurePII.to_hash.<locals>.<lambda>.<locals>.<lambda> at 0x00000147B0A641F0>,gregorymartin@example.com
7,22,16,Sariya,E,Harnpadoungsataya,Marketing Specialist,b'gAAAAABjUQoGHUJzklmhr_9bKQROC9ZJO3jvZcxHgKw5rlDV_xZ6uQCRApy0wpB5JI8vFzslE18mwN3xu2JifeFKECx90ARFOA==',6/21/1981 0:00,S,M,1/13/2003 0:00,<function SecurePII.to_hash.<locals>.<lambda>.<locals>.<lambda> at 0x00000147B0A64280>,kevinpowers@example.com
8,161,26,Kirk,J,Koenigsbauer,Production Technician - WC45,b'gAAAAABjUQoGI6Aw8kCXByh0AWQ8sAkPSBcRWhsPeTcuS7dr0c6ClS2rsszNuarWPVHIZJCBr4niE8ID5dC8uwwQz5FBdfnxMw==',3/10/1979 0:00,S,M,1/16/2003 0:00,<function SecurePII.to_hash.<locals>.<lambda>.<locals>.<lambda> at 0x00000147B0A64310>,kevin90@example.org
9,124,250,Kim,T,Ralls,Stocker,b'gAAAAABjUQoGsKL4aM8pFtF3swu0BiGVKRooivsTRXIoY6um4S2u_fBQNlJUn8NLaam_atEumTc5TZNWQZZvB9vvNL_FOp6NPg==',6/1/1978 0:00,S,F,1/27/2003 0:00,<function SecurePII.to_hash.<locals>.<lambda>.<locals>.<lambda> at 0x00000147B0A643A0>,ngarcia@example.com
10,10,25,Michael,,Raheem,Research and Development Manager,b'gAAAAABjUQoGnt-7kIw-HzmwD38Hmife6U_aPrTRmar8UlSW1NWmCHN93QHdt9uxNw9pndCQcd7NJXQpexoR81dOYdFFbgkAFQ==',1/1/1979 0:00,M,M,6/4/2003 0:00,<function SecurePII.to_hash.<locals>.<lambda>.<locals>.<lambda> at 0x00000147B0A64430>,brittany75@example.org
11,248,249,Mike,K,Seamans,Accountant,b'gAAAAABjUQoG72hoBlH_s3Rx88zoP08WmpkNM49r_Fko6JY332QR5Uy-Rih1J67mxkFsbuN1QbtMLKnpkYgqgRS-bI6T9f-8MQ==',8/1/1973 0:00,S,M,4/9/2003 0:00,<function SecurePII.to_hash.<locals>.<lambda>.<locals>.<lambda> at 0x00000147B0A644C0>,kevincarter@example.com
12,175,26,Reed,T,Koch,Production Technician - WC30,b'gAAAAABjUQoGXXrzSOkkaslt2yxI9eCrzrklT8O9v7oaGtIDEdCD8Akh8euPxNbk-renNpAD2BBalhFZGdxfb1AFdjyR-_IoNQ==',2/9/1983 0:00,M,M,3/6/2003 0:00,<function SecurePII.to_hash.<locals>.<lambda>.<locals>.<lambda> at 0x00000147B0A64550>,mary10@example.net
13,155,26,Fadi,K,Fakhouri,Production Technician - WC20,b'gAAAAABjUQoGh31qhwF4RPvmlZKfRnR8-9ytmQOqnHW3jt37GkY1cs-U4czA1SxZNt0I6PSUDoJgQyx16Mu8Xz8Gyem4G2PLog==',3/19/1983 0:00,S,M,2/5/2003 0:00,<function SecurePII.to_hash.<locals>.<lambda>.<locals>.<lambda> at 0x00000147B0A645E0>,juan34@example.net
14,144,26,Paul,R,Singh,Production Technician - WC20,b'gAAAAABjUQoG_N1hJdDzXLTt2PwZ04BtFBPjRDsIJq6GmeNGWxO-HcoQQbmpkAjnY5toH16vDI9Yr_JXd1aI0B6XBnZGdkNtaQ==',12/5/1984 0:00,M,M,2/18/2003 0:00,<function SecurePII.to_hash.<locals>.<lambda>.<locals>.<lambda> at 0x00000147B0A64670>,beth28@example.com
15,192,26,Brenda,M,Diaz,Production Supervisor - WC40,b'gAAAAABjUQoGEvfgImHuEj5VeNYtx-3-zv5JaESKK-YJNqdZilyCHIH3wLnA-Y916QsKWz5PNIWAOQXeShp81C9cYCmQ8pCK6g==',3/31/1977 0:00,M,F,4/6/2003 0:00,<function SecurePII.to_hash.<locals>.<lambda>.<locals>.<lambda> at 0x00000147B0A64700>,cainmackenzie@example.com
16,166,26,Jack,S,Richins,Production Supervisor - WC30,b'gAAAAABjUQoGcUA5FMMfN947XkYMpbMPtu5ZK-Asa8JM9P8_cujt_exWzqnhjtvA3DxPMTyECcPw6YF90inU6x5sPdcekuGI3A==',7/23/1977 0:00,S,M,3/25/2003 0:00,<function SecurePII.to_hash.<locals>.<lambda>.<locals>.<lambda> at 0x00000147B0A64790>,derrick05@example.com
17,112,26,John,P,Evans,Production Technician - WC50,b'gAAAAABjUQoGUCTBLv1dwZ7NN6xYeVJdawb4lFwCI6LKlEnlmTqxlbL4jVTNQ0mZs0XvX6vhW0Lg82GqOiaDZj-16u4UQ0MhIw==',7/1/1972 0:00,S,M,2/2/2003 0:00,<function SecurePII.to_hash.<locals>.<lambda>.<locals>.<lambda> at 0x00000147B0A64820>,gjohnson@example.com
18,203,26,Ken,L,Myer,Production Technician - WC40,b'gAAAAABjUQoGwe0nPaSh_hYnctTR72d9l3IgvSsU8hBoCVueU0Uq8kYasHnfvM8kHVzikX1hEgKStI2gGQLv2oEKEITTnoGC6w==',6/29/1975 0:00,M,M,3/28/2003 0:00,<function SecurePII.to_hash.<locals>.<lambda>.<locals>.<lambda> at 0x00000147B0A648B0>,garrisonjill@example.com
19,245,249,Barbara,C,Moreland,Accountant,b'gAAAAABjUQoGfnpHBqEoEFc_51A3o75uPu5kwd52Vms9vSV1SxuLmVS8eAsyE7H2grSrKZNDofrYeiv-CqZGptNf_Rypbk1Bsw==',2/4/1970 0:00,M,F,3/22/2003 0:00,<function SecurePII.to_hash.<locals>.<lambda>.<locals>.<lambda> at 0x00000147B0A64940>,rasmussendana@example.org
20,257,250,Eric,S,Kurjan,Buyer,b'gAAAAABjUQoG7iSiP5KEtDBJqGZf4GUE1uvKB1a1JidFbW2fXWJH26fkLuHG4VrIOAQrz--IDkhuus5u872g3S0Y1qNOAVSW-A==',10/19/1966 0:00,S,M,2/28/2004 0:00,<function SecurePII.to_hash.<locals>.<lambda>.<locals>.<lambda> at 0x00000147B0A649D0>,benjaminbenjamin@example.com
21,244,249,Bryan,A,Walton,Accounts Receivable Specialist,b'gAAAAABjUQoGBPeCVxy5VCph-AkeG8_vOoTah45mzh8fyRtvLn2yjdz5rvZ-H2UxkRqcPS7uo0iKqHKYMpdrIT3fv6ZUH3Ypng==',10/22/1978 0:00,S,M,2/25/2003 0:00,<function SecurePII.to_hash.<locals>.<lambda>.<locals>.<lambda> at 0x00000147B0A64A60>,maryrice@example.net
22,69,26,Steve,F,Masters,Production Technician - WC60,b'gAAAAABjUQoG1tdZaL8BbvNm2S88YAG4VcGugu659t1UWkIeINO8lRb_pc3mgSZVRuVZTM1m75A1ilrrZYNAs91ZIp5Tpxmlfg==',5/7/1985 0:00,S,M,3/19/2003 0:00,<function SecurePII.to_hash.<locals>.<lambda>.<locals>.<lambda> at 0x00000147B0A64AF0>,orosario@example.net
23,210,26,Belinda,M,Newman,Production Technician - WC45,b'gAAAAABjUQoGzUFAv1kvBNQYI_-PkYNr7s_cwr_XcDZ6metRb6BJqNjK6EYlMIFkFY86LHX4rgTYcMBJp8tiFgRXMBEZU7xvWg==',10/19/1963 0:00,S,F,3/24/2003 0:00,<function SecurePII.to_hash.<locals>.<lambda>.<locals>.<lambda> at 0x00000147B0A64B80>,dnewton@example.com
24,163,26,Alex,M,Nayberg,Production Technician - WC45,b'gAAAAABjUQoG-u-jmchojMUriXtI-APAG0TKQ0XqY4-Zxd6Kj9Yfy53TsowMW5CPAxAT2zM5c17YoWotaxXwP5HEXOILv6Xu9g==',5/14/1984 0:00,M,M,3/12/2003 0:00,<function SecurePII.to_hash.<locals>.<lambda>.<locals>.<lambda> at 0x00000147B0A64C10>,dianabuckley@example.org
25,118,26,Don,L,Hall,Production Technician - WC50,b'gAAAAABjUQoGt29iqwOMD6Zuy7vEh-ZohUGfb7MwkCc8bvwvg58TGD1Wsm3CFTcnfPyxn-PKoY39Copz0Y7kpFhyVWvH3UX1Cw==',7/14/1965 0:00,M,M,3/17/2003 0:00,<function SecurePII.to_hash.<locals>.<lambda>.<locals>.<lambda> at 0x00000147B0A64CA0>,nelsonmark@example.com
26,176,26,David,Oliver,Lawrence,Production Technician - WC30,b'gAAAAABjUQoGQoDOtC-thMt6wUbMbBzFNYbqpwSJRrMA6VM_TQYdY816DRb3N4uLXeOR6CktMuUXlgbWvqwF8rxVY7Z_1-J6qg==',10/25/1979 0:00,M,M,3/18/2003 0:00,<function SecurePII.to_hash.<locals>.<lambda>.<locals>.<lambda> at 0x00000147B0A64D30>,jonathanhorton@example.net
27,147,26,Sandra,,Reátegui Alayo,Production Technician - WC30,b'gAAAAABjUQoGN-bwqFvVMRxm3aXyrNkua8sOkCXx72dHSfwDnqMXjzN8O3gyOwK5hJjv3g11JWQsAvsvSEtLwxM9t1FgwbP7og==',12/6/1969 0:00,M,F,1/27/2003 0:00,<function SecurePII.to_hash.<locals>.<lambda>.<locals>.<lambda> at 0x00000147B0A64DC0>,linda33@example.org
28,138,26,Samantha,H,Smith,Production Technician - WC20,b'gAAAAABjUQoGYg7TAOZM121C4LPZgUtNqJ_ZP6RNRBkS1QwztFN6dqOomYYTy1qndkFioYlO3rTwrIjZqo70zL62frtgPZcVwQ==',12/23/1981 0:00,M,F,3/8/2003 0:00,<function SecurePII.to_hash.<locals>.<lambda>.<locals>.<lambda> at 0x00000147B0A64E50>,bennettvincent@example.org
29,95,26,Jim,H,Scardelis,Production Technician - WC50,b'gAAAAABjUQoGELQpe6Um_qirHtyh3DZTA4fS3yAzBNUJomkXUZGk0jKdC3wf93eDlMSA0iuMppUDcoW3wtwgzCZIveaHO2gqrg==',10/9/1980 0:00,M,M,1/20/2003 0:00,<function SecurePII.to_hash.<locals>.<lambda>.<locals>.<lambda> at 0x00000147B0A64EE0>,leerobert@example.com
30,231,227,Jo,L,Berry,Janitor,b'gAAAAABjUQoGkREcfpo5TyIQuHvNMlQEMaYw6I7wtnvUh1wT9cB4xcGiaNhA1wORTglrQXvGNjrxHBUhc_zQ4X5QrTCy5IEkug==',5/25/1948 0:00,M,F,4/7/2004 0:00,<function SecurePII.to_hash.<locals>.<lambda>.<locals>.<lambda> at 0x00000147B0A64F70>,scott04@example.net
31,86,26,Ryan,L,Cornelsen,Production Technician - WC40,b'gAAAAABjUQoG8Vw6_8zX2IvW0qlCq5LJvV7DPGItZjoSHjx-7HXAR-U_3QMakiuCsiuqjD5-4x4eVzg8Vxrsp_x-Bxn_XeTwtQ==',7/15/1966 0:00,M,M,2/6/2003 0:00,<function SecurePII.to_hash.<locals>.<lambda>.<locals>.<lambda> at 0x00000147B0A65000>,mark79@example.org
32,181,26,Michael,T,Hines,Production Technician - WC20,b'gAAAAABjUQoG7hwcMN0TGMU6qe3F0Cm-CtoIgTe-i0PuBDZjvk9iX4Z3aBokAUfIVzKL-R9s9o2DeEJwBzpKs-qfAJbStwYigQ==',12/19/1978 0:00,S,M,1/10/2003 0:00,<function SecurePII.to_hash.<locals>.<lambda>.<locals>.<lambda> at 0x00000147B0A65090>,brett36@example.com
33,214,25,Andreas,T,Berglund,Quality Assurance Technician,b'gAAAAABjUQoG5tDDRthZFSjxQf3u7nIGBlVl6ufmD3AeY6I4XKd6s8SYEEtrsm8O4-z9Blb9L_AJn0w-fVznZRfa-Le2QZjobg==',4/29/1983 0:00,M,M,3/6/2003 0:00,<function SecurePII.to_hash.<locals>.<lambda>.<locals>.<lambda> at 0x00000147B0A65120>,justin98@example.org
34,72,26,Steven,T,Selikoff,Production Technician - WC30,b'gAAAAABjUQoGfBhfKuHQNbwwQ5NfR22JOxeMJ53yqqUL3EuDrhyd2I69Pfc8CraQox8_Viu6TaF9eghiC_1q57cpJgSQw6r20Q==',6/15/1971 0:00,M,M,1/1/2003 0:00,<function SecurePII.to_hash.<locals>.<lambda>.<locals>.<lambda> at 0x00000147B0A651B0>,justin83@example.net
35,162,26,Laura,C,Steele,Production Technician - WC45,b'gAAAAABjUQoGUbUj0cJPDPIPQSi6F7lzRGqE4AJ2eJIGY-tuSlHn0bBXRBnMehlcnIj8Ghjxe92QxoW9Xd0Q4pwq7tD-2LN-Qw==',1/26/1975 0:00,S,F,2/4/2003 0:00,<function SecurePII.to_hash.<locals>.<lambda>.<locals>.<lambda> at 0x00000147B0A65240>,bcisneros@example.net
36,107,26,Christopher,E,Hill,Production Technician - WC10,b'gAAAAABjUQoGcm56ByNNLfERn5hf2u9y29JY3soYvdfmwzg-I87v7y4DcAZ7da_GENYwkaIgOCB6Ugz0ok5QMPGdlrf43J3HWA==',11/1/1980 0:00,M,M,3/11/2004 0:00,<function SecurePII.to_hash.<locals>.<lambda>.<locals>.<lambda> at 0x00000147B0A652D0>,andrew34@example.org
37,269,263,Dan,K,Bacon,Application Specialist,b'gAAAAABjUQoGx-QvYUl0YyXbDhUrhrxWOtxgeZazR_0pMl8Hx5B5Et1fOnRtfFtvO6J8OlFI1Hjes19CHR3ZEawQFCUFOqqnuA==',7/28/1975 0:00,M,M,2/12/2003 0:00,<function SecurePII.to_hash.<locals>.<lambda>.<locals>.<lambda> at 0x00000147B0A65360>,jennifermorris@example.com
38,187,26,Yvonne,S,McKay,Production Technician - WC45,b'gAAAAABjUQoGf_A5paqyyNjy4czJpBkGdFdI_Y07QesQubbo87g2gww8uSbAaTYYg480XVQWjxBbzP5aZbhRQPpVCJ7Uae-Cjw==',5/17/1983 0:00,M,F,1/10/2003 0:00,<function SecurePII.to_hash.<locals>.<lambda>.<locals>.<lambda> at 0x00000147B0A653F0>,denisemiller@example.org
39,75,26,Michiko,F,Osada,Production Technician - WC30,b'gAAAAABjUQoGOvv6p9oWwxK6MAhCUTRZtEbKW_-rAafZabjWwYR-BHavtRyFbTKTNJQuuwzgkrMnaTrVm4PJ8apPrj69vJWWXA==',7/28/1976 0:00,S,M,2/27/2003 0:00,<function SecurePII.to_hash.<locals>.<lambda>.<locals>.<lambda> at 0x00000147B0A65480>,smithyolanda@example.org
40,12,25,Thierry,B,D'Hers,Tool Designer,b'gAAAAABjUQoGW58Vs4IVGFiJcZUPT-4_9ksmVI5u7Lur406LmY5Ros2d9Ex_dxOwaaetBCSNzEZVKaHoJhLVGPN-xeom-xPowg==',8/29/1953 0:00,M,M,1/11/2002 0:00,<function SecurePII.to_hash.<locals>.<lambda>.<locals>.<lambda> at 0x00000147B0A65510>,frenchmatthew@example.net
41,116,26,Michael,W,Patten,Production Technician - WC50,b'gAAAAABjUQoGEkDHKv1NYnc7EK0ZiHGRbN16uxyCNKTjpH6R3s78b-KYQYT8aQopheLDjSTk-L9yitDJ1CueljToMSrPv012CA==',6/3/1968 0:00,S,M,3/4/2003 0:00,<function SecurePII.to_hash.<locals>.<lambda>.<locals>.<lambda> at 0x00000147B0A655A0>,brownbrian@example.com
42,30,26,Britta,L,Simon,Production Technician - WC60,b'gAAAAABjUQoGxTUyj4UnBkZh3hODoeZoZt8r9jR7ewUbNVuEFyvRlu-wJUbHtSK92C_dIEdX_k13FH4qbllLYcUV69Yj-HqQpQ==',10/30/1983 0:00,M,F,3/2/2003 0:00,<function SecurePII.to_hash.<locals>.<lambda>.<locals>.<lambda> at 0x00000147B0A65630>,vstephenson@example.net
43,198,26,Lorraine,O,Nay,Production Technician - WC40,b'gAAAAABjUQoG9C0prUD77H1ModacL_xBYsDhCA59v9lycuPQoAiLyAzVmBtXgcgwHJD5awlGft-a4HpR_vou_xKW0kUN5iwEqA==',12/28/1982 0:00,M,F,2/5/2003 0:00,<function SecurePII.to_hash.<locals>.<lambda>.<locals>.<lambda> at 0x00000147B0A656C0>,jason00@example.org
44,133,26,Michael,L,Rothkugel,Production Technician - WC40,b'gAAAAABjUQoGiviqGED8cWMU7mHtcNhGegEvWo8mWFRZPJU4j1UdG5_u4xiXjivKSWhhdn9mNIFgGJ26i6P3MU6G1FTVe8ktcA==',2/4/1985 0:00,S,M,2/11/2003 0:00,<function SecurePII.to_hash.<locals>.<lambda>.<locals>.<lambda> at 0x00000147B0A65750>,christina19@example.org
45,31,26,Margie,W,Shoop,Production Technician - WC60,b'gAAAAABjUQoG3NszYVIqz0ZGz8GibvmPdvhDdnEKx5Dyio7wDQ1cHeZUcmoGkJ2XDJGF_yxZ4aL8pnr-ilA6jkhIDYVHvvhxqw==',6/20/1980 0:00,M,F,2/5/2003 0:00,<function SecurePII.to_hash.<locals>.<lambda>.<locals>.<lambda> at 0x00000147B0A657E0>,dunnjoseph@example.org
46,168,26,Garrett,R,Young,Production Technician - WC30,b'gAAAAABjUQoG1MWIk9Gdyqyd3wHO2QUPp6YU2dPBGhbWaw11GehRp1oMc_z6imu2OJ8lbSREUcJErXAyC_lsucPiUp0U-f9BAw==',9/26/1978 0:00,S,M,1/8/2003 0:00,<function SecurePII.to_hash.<locals>.<lambda>.<locals>.<lambda> at 0x00000147B0A65870>,millersherry@example.org
47,236,235,Grant,N,Culbertson,Human Resources Administrative Assistant,b'gAAAAABjUQoGm9JtlNJkRJfdIRlNc6JtmCkSb6rBapT7cJIs0DDa1mOzweYlX5YkJRYfyp6DTEj1BRpDsnsj3SdkJjt_xBwF4Q==',5/18/1970 0:00,S,M,3/29/2003 0:00,<function SecurePII.to_hash.<locals>.<lambda>.<locals>.<lambda> at 0x00000147B0A65900>,pfloyd@example.net
48,3,25,Roberto,,Tamburello,Engineering Manager,b'gAAAAABjUQoGUI75YrhOSgJqCP94hJosWYqAvsjbCF0vqwm2k6yX575JGsTAURRQ_tjuQIwC0GpfSaJJ2LA2R727NnGnjfhp4Q==',12/13/1968 0:00,M,M,12/12/2001 0:00,<function SecurePII.to_hash.<locals>.<lambda>.<locals>.<lambda> at 0x00000147B0A65990>,mercadojoel@example.com
49,199,26,Paula,R,Nartker,Production Technician - WC40,b'gAAAAABjUQoGjld6w3dSBs9PB3-Ai3O6elHK20uFBr7cKYRQ-a5XK-mA8tgnTrvQsM7DabgPGGnfU68HquestOEWVJwKZf27qA==',3/13/1981 0:00,M,F,2/13/2003 0:00,<function SecurePII.to_hash.<locals>.<lambda>.<locals>.<lambda> at 0x00000147B0A65A20>,fkelly@example.org
50,48,26,Ruth,Ann,Ellerbrock,Production Technician - WC10,b'gAAAAABjUQoGQ4EZjjNRrLTXYgUS8FwBJxO988uAqtA8F9RZxyXQKJC1K59vNPRgq_edF8qiPpjboGCrP8NyP0K_-o-6SVgGkw==',7/6/1950 0:00,M,F,2/6/2002 0:00,<function SecurePII.to_hash.<locals>.<lambda>.<locals>.<lambda> at 0x00000147B0A65AB0>,vhardy@example.com
51,126,250,Jimmy,T,Bischoff,Stocker,b'gAAAAABjUQoG32lt7EqvlncfNgRYvTN5jX6jscitR0OYZAe3Z8slpB5Alsq6xkVTS3LOqf0OmNPgaqHWO1bUD7WOp84jM_Yj8w==',6/5/1979 0:00,M,M,3/30/2003 0:00,<function SecurePII.to_hash.<locals>.<lambda>.<locals>.<lambda> at 0x00000147B0A65B40>,arthurbates@example.org
52,230,227,Stuart,J,Macrae,Janitor,b'gAAAAABjUQoGKmJY7sZzZF99ldUpLhbkFTbqLC1etXg-0G7OE2F6ZuLFv6sjjGz9NIkR2kdKuKvE5wWRS2bfcTwUhTd5e4kfSw==',1/17/1966 0:00,M,M,4/5/2004 0:00,<function SecurePII.to_hash.<locals>.<lambda>.<locals>.<lambda> at 0x00000147B0A65BD0>,jeffreymiller@example.com
53,41,26,Bryan,,Baker,Production Technician - WC60,b'gAAAAABjUQoGW4ZNKy12jFb91q41CWQJrwijnt4bxb4F4hjKldpVvuiQ7EoQ-rTtAYw3bpU1vX6J7OvKmnOpy1QZKH2J6bzsQA==',9/28/1967 0:00,S,M,2/22/2003 0:00,<function SecurePII.to_hash.<locals>.<lambda>.<locals>.<lambda> at 0x00000147B0A65C60>,phillipwilkins@example.org
54,283,274,David,R,Campbell,Sales Representative,b'gAAAAABjUQoGU5ivNPNzJt-4P39YQe2p_7ruYldqw_N7SCH-Gre-dw-26ww4RB5XkVntH-8oRzu_9TpixIwiNJc7J1sqywGEXA==',3/14/1968 0:00,S,M,7/1/2005 0:00,<function SecurePII.to_hash.<locals>.<lambda>.<locals>.<lambda> at 0x00000147B0A65CF0>,joshua25@example.net
55,226,25,Brian,P,LaMee,Scheduling Assistant,b'gAAAAABjUQoGANhE_d05q4EzU7YLF2gCnlLx1SImxXeRgZuo0RNjPtKTb1Il7beRJMJscfrwKpcpN4xnhltBNfKtbXKEwT0Mcw==',9/12/1978 0:00,M,M,4/4/2003 0:00,<function SecurePII.to_hash.<locals>.<lambda>.<locals>.<lambda> at 0x00000147B0A65D80>,deborah51@example.com
56,104,26,Mary,R,Baker,Production Technician - WC10,b'gAAAAABjUQoG-rkEeBk5nLWgN8eeEXvaZ1OiS7iFGhY8iztcuTOS7EWFJkUEIQVF80RCVvzRQgHZHhrP_nq8CdmjbxuBHCVXeQ==',10/20/1980 0:00,M,F,1/26/2004 0:00,<function SecurePII.to_hash.<locals>.<lambda>.<locals>.<lambda> at 0x00000147B0A65E10>,carmenhowell@example.com
57,263,234,Jean,E,Trenary,Information Services Manager,b'gAAAAABjUQoGG-EL-3LV6j4zgkEf4CEE0v4f1_7Mx69U-CLSEg2aXxVAsitELZYHO5HR768W0TxQ7wbAKwiOjFx0BCDkx_iCDQ==',1/13/1970 0:00,S,F,1/12/2003 0:00,<function SecurePII.to_hash.<locals>.<lambda>.<locals>.<lambda> at 0x00000147B0A65EA0>,osanders@example.net
58,232,227,Pat,H,Coleman,Janitor,b'gAAAAABjUQoGvkn-NTjhCmm9BRivKwWuJTHjVJRUrnA7nM-hmQ1_XcUAkPcHrqbG1h9kDBBl8pax0I0r4E9OB8jGkL9bN5djJA==',1/3/1965 0:00,S,M,2/28/2004 0:00,<function SecurePII.to_hash.<locals>.<lambda>.<locals>.<lambda> at 0x00000147B0A65F30>,jessica34@example.net
59,274,273,Stephen,Y,Jiang,North American Sales Manager,b'gAAAAABjUQoGcm8XEAyj3hFsyJKPYRRdQvJvr5k80_d4m66IbHiNbYQ9AWa7LPmY5nO9hI-caaAM1PW2Xz2vMMt9tKLhYTnApg==',11/17/1945 0:00,M,M,2/4/2005 0:00,<function SecurePII.to_hash.<locals>.<lambda>.<locals>.<lambda> at 0x00000147B0A65FC0>,hhorn@example.com
60,81,26,Mihail,U,Frintu,Production Technician - WC40,b'gAAAAABjUQoG9T4hs8TGIdL56zwnN40fjpl8WOGNQyZDlVsxBbmqGbSpJAd2D6O8yll8zCq52_q87jbLSu3i_us8dulKfdFafw==',4/9/1965 0:00,S,M,1/30/2004 0:00,<function SecurePII.to_hash.<locals>.<lambda>.<locals>.<lambda> at 0x00000147B0A66050>,ashley96@example.com
61,172,26,Marc,J,Ingle,Production Technician - WC30,b'gAAAAABjUQoG6A7qtugZbZ13qrfCldfvMpYfCT5YcWJ9UxzNtCwDsz3lbzTl5Y9wYrCyiJB1HTcK3ygWMYck48bteY7OLL9fpA==',11/24/1980 0:00,M,M,2/17/2003 0:00,<function SecurePII.to_hash.<locals>.<lambda>.<locals>.<lambda> at 0x00000147B0A660E0>,reneehenderson@example.net
62,119,26,Michael,T,Entin,Production Technician - WC50,b'gAAAAABjUQoGIx-o4jzhd1RCnfss67o0EbvlHHP8a-non8brMfqM3aFja2fA8bEOXsbwxXNBW7cCMElqLVmZdflmrJeTkLKbGA==',7/17/1983 0:00,S,M,3/29/2003 0:00,<function SecurePII.to_hash.<locals>.<lambda>.<locals>.<lambda> at 0x00000147B0A66170>,benjamin15@example.com
63,276,274,Linda,C,Mitchell,Sales Representative,b'gAAAAABjUQoGlIUNfY__2Y2XrCI5ZU9j7xgX1qZa0h7gvzl7nhePcVIgyMsvS1E6x7nwpOLXssTiltlJ-Kn_FXF2J3E0BhcYIg==',3/30/1974 0:00,M,F,7/1/2005 0:00,<function SecurePII.to_hash.<locals>.<lambda>.<locals>.<lambda> at 0x00000147B0A66200>,adam60@example.com
64,225,25,Alan,J,Brewer,Scheduling Assistant,b'gAAAAABjUQoGj8V1Pfscz3IEC7sP024TuiK9C2lHkgyzxhv4FS1GGSuIfnVIkAIxs_AxgkWHCgAJT2xl7CY_R26oEUm66q6Thw==',4/30/1978 0:00,M,M,3/17/2003 0:00,<function SecurePII.to_hash.<locals>.<lambda>.<locals>.<lambda> at 0x00000147B0A66290>,stonekimberly@example.com
65,212,25,Peng,J,Wu,Quality Assurance Supervisor,b'gAAAAABjUQoGPerO1U2srpV3OAilUatOrgb2eE9IcX2_Y9FJV-Onr9pDKfO4jDY_h_uDb2pDSexUUnPgo2SEX9OEjQWh2c4GyQ==',4/19/1970 0:00,M,M,1/10/2003 0:00,<function SecurePII.to_hash.<locals>.<lambda>.<locals>.<lambda> at 0x00000147B0A66320>,joseph82@example.org
66,227,1,Gary,E.,Altman,Facilities Manager,b'gAAAAABjUQoGmEtgkWqsgzYE_nLfyjM3LG4rbQvSrPwxcyu9wEQCJAUsqPoBwHtvrGRYY1T4EnOiEL_gEGk6N-rMGYdCAF7DOg==',3/21/1965 0:00,M,M,1/3/2004 0:00,<function SecurePII.to_hash.<locals>.<lambda>.<locals>.<lambda> at 0x00000147B0A663B0>,davidbaker@example.org
67,97,26,Mandar,H,Samant,Production Technician - WC50,b'gAAAAABjUQoGvvK_zu6fdjbMVf9_vBqZWPeLk3l8WvbIZgL6Xb00qG-PFTXhJabGQC25VsN2UVykfRi5IW00hbMNtEMv9hBPBw==',4/21/1980 0:00,S,M,3/14/2003 0:00,<function SecurePII.to_hash.<locals>.<lambda>.<locals>.<lambda> at 0x00000147B0A66440>,reyesjeffery@example.org
68,194,26,Fred,T,Northup,Production Technician - WC40,b'gAAAAABjUQoGAbtmWq77AIK8qFXK5oMynxaBROYueYOUWEiGGiN5JQZXccsd6hxoRAsbn0aHz9_kjkA24qZEPO8wqHNoS-L_wA==',7/27/1983 0:00,S,M,1/13/2003 0:00,<function SecurePII.to_hash.<locals>.<lambda>.<locals>.<lambda> at 0x00000147B0A664D0>,jmyers@example.net
69,62,26,John,T,Campbell,Production Supervisor - WC60,b'gAAAAABjUQoG-z3gwrbrCi_goV3iRzk4C3_kfAGNcD9X3KA5v48HspvHpAg5lr7jZhlwCHoqIqE9E6y2j4PXzjU9NL1kNwGvlA==',9/8/1950 0:00,M,M,4/18/2002 0:00,<function SecurePII.to_hash.<locals>.<lambda>.<locals>.<lambda> at 0x00000147B0A66560>,justinholder@example.org
70,115,26,Angela,W,Barbariol,Production Technician - WC50,b'gAAAAABjUQoGJCfDEUemY8x9O5sxDpTBCAFBAHrHiUa0cglE7G5jhRXMDwty4fg8j23PKmRj1I6kzOdEiQZdpDqsdUP836_n_Q==',7/1/1985 0:00,S,F,2/21/2003 0:00,<function SecurePII.to_hash.<locals>.<lambda>.<locals>.<lambda> at 0x00000147B0A665F0>,courtney66@example.org
71,122,250,Susan,W,Eaton,Stocker,b'gAAAAABjUQoGLfdlvRNlfhaIlQRWCYfX2-3BMAVqpYBwS2Wv7YImhsql0VS5jVCsgjH5vpnM_aFSubUy4PANHEUawCYkrbTCfg==',3/20/1972 0:00,S,F,1/8/2003 0:00,<function SecurePII.to_hash.<locals>.<lambda>.<locals>.<lambda> at 0x00000147B0A66680>,vancebrian@example.org
72,150,26,Michael,T,Vanderhyde,Production Technician - WC30,b'gAAAAABjUQoGO6sXZoixDzLA9TjpMqpkKCBmkAVKaR0XU1F-E430bOGpi7oun3-oqwxIn8m4fUKVbzmq9FpXbFH-lj-Jf9yyLQ==',10/19/1976 0:00,M,M,3/30/2003 0:00,<function SecurePII.to_hash.<locals>.<lambda>.<locals>.<lambda> at 0x00000147B0A66710>,morrisevelyn@example.org
73,258,250,Erin,M,Hagens,Buyer,b'gAAAAABjUQoG_Q7Pj67I-T7NDkxdElzP8MyJPeWvKEINTCrD4I3Xi7VCXhPc803PdS9xVNJmJkfeMkhMeucG83kvFXmkZMUbHg==',2/4/1965 0:00,S,F,3/3/2004 0:00,<function SecurePII.to_hash.<locals>.<lambda>.<locals>.<lambda> at 0x00000147B0A667A0>,garyhoffman@example.org
74,63,26,Maciej,W,Dusza,Production Technician - WC60,b'gAAAAABjUQoGQdgCfgHNk2m3LM4fYX_FK5hzvEHvIo8VQU64z03vjLXOMsD3_Fum7jqusHx-rQsjHWPuAyqXdYyZF0nbMpJ1Yg==',3/2/1949 0:00,S,M,3/1/2004 0:00,<function SecurePII.to_hash.<locals>.<lambda>.<locals>.<lambda> at 0x00000147B0A66830>,carly80@example.com
75,156,26,Lane,M,Sacksteder,Production Technician - WC20,b'gAAAAABjUQoGK6Pir0YdTIhY0gXRIG5WsGPq9woE0AdKVZq9dl7L_DURknURLZklxRjEaaTIX7uM7s5e8H-L6pRu17xsXwDZQg==',10/24/1968 0:00,M,M,2/12/2003 0:00,<function SecurePII.to_hash.<locals>.<lambda>.<locals>.<lambda> at 0x00000147B0A668C0>,joel11@example.net
76,238,235,Vidur,X,Luthra,Recruiter,b'gAAAAABjUQoGEA2DTfVg7xqrcNIOm4K3diZ7R14n6nL0m20FtdpIM94GOisMfdIbh-8vXNfApjci7bkqCBJgZKLWtIO3g5k2mw==',9/2/1978 0:00,S,M,2/2/2003 0:00,<function SecurePII.to_hash.<locals>.<lambda>.<locals>.<lambda> at 0x00000147B0A66950>,jamessmith@example.org
77,205,26,Lori,A,Kane,Production Supervisor - WC45,b'gAAAAABjUQoGsGg_NObTue8mT2Xm8oAfC7KqFPQzsRHtmapDNaZWLfzrmMV6PnzIMx6rfL47Qz8Hpc958lLm0NvITDLgIaInqg==',8/19/1974 0:00,S,F,3/30/2003 0:00,<function SecurePII.to_hash.<locals>.<lambda>.<locals>.<lambda> at 0x00000147B0A669E0>,meganshields@example.com
78,89,26,Patrick,C,Wedge,Production Technician - WC10,b'gAAAAABjUQoGnp72YbYVJfNXi-KtWpkh5yV64iPY-Cv_mtsQzZJoSG_fZ0TDUYBhId2AbUwCtKVffBPqbsHGMFGRGL9feOxmuA==',10/11/1980 0:00,S,M,3/4/2004 0:00,<function SecurePII.to_hash.<locals>.<lambda>.<locals>.<lambda> at 0x00000147B0A66A70>,skinnerjessica@example.org
79,170,26,George,Z,Li,Production Technician - WC30,b'gAAAAABjUQoGq_77V3RRu0E5quFujYLFM_FO46mXclYUHBI8qPotK2zD7RdLBYb-35JC4adwH44RIquZe9LIppnWvvYEsStocQ==',5/18/1971 0:00,M,M,1/22/2003 0:00,<function SecurePII.to_hash.<locals>.<lambda>.<locals>.<lambda> at 0x00000147B0A66B00>,allenrichard@example.net
80,243,249,Candy,L,Spoon,Accounts Receivable Specialist,b'gAAAAABjUQoG8BP_qwClZSJTD4LhYtIlqj95bl2fk7KKgRL3TyTctKzxel-fgUyV9SX3F1Yd5orsJEDnHHcwzRHJRNSjv86ogg==',3/26/1970 0:00,S,F,2/7/2003 0:00,<function SecurePII.to_hash.<locals>.<lambda>.<locals>.<lambda> at 0x00000147B0A66B90>,mejiasherry@example.org
81,49,26,Barry,K,Johnson,Production Technician - WC10,b'gAAAAABjUQoG-GyQYHIAjSjCMIx38U3Yj3kNmMCC4ZC0Ma5ebEgZufLHWyp1M6WfzfwTAyzJHtvtZA2vNHtOP9PxXsQCuiWmzQ==',4/27/1950 0:00,S,M,2/7/2002 0:00,<function SecurePII.to_hash.<locals>.<lambda>.<locals>.<lambda> at 0x00000147B0A66C20>,danieljeremy@example.org
82,220,25,Karen,R,Berge,Document Control Assistant,b'gAAAAABjUQoGqqVE_jwhjPLK6MerTVyMAM0H09lLbDv_7rhG52t7ye5TqsHDiOqSiogNulr6E6MP2lViDP3hEvbwrOHThU7ruA==',1/25/1970 0:00,M,F,3/13/2003 0:00,<function SecurePII.to_hash.<locals>.<lambda>.<locals>.<lambda> at 0x00000147B0A66CB0>,ericaholt@example.net
83,32,26,Rebecca,A,Laszlo,Production Technician - WC60,b'gAAAAABjUQoGDSfLpJ_aZysS55ksmeBT_jOCnSnqYXiOMgBMgHtWfEglqrcD5H0LG_831YkB3adgBaQzsXf2bxt0KWW_i9_MHQ==',8/11/1971 0:00,M,F,1/30/2003 0:00,<function SecurePII.to_hash.<locals>.<lambda>.<locals>.<lambda> at 0x00000147B0A66D40>,lwebb@example.org
84,24,16,Jill,A,Williams,Marketing Specialist,b'gAAAAABjUQoG8zOgUCySNbFVuoKqjt3q5foYC7mmPbvAf7lOxpMs7YMtriRAp_N9NJqAnyMWUiTxXa8M7T2Q-xviuGG9UZGufg==',7/19/1973 0:00,M,F,2/19/2003 0:00,<function SecurePII.to_hash.<locals>.<lambda>.<locals>.<lambda> at 0x00000147B0A66DD0>,stephaniemontgomery@example.net
85,132,26,Nicole,B,Holliday,Production Technician - WC40,b'gAAAAABjUQoGJKg0srMvYfbU4VAZOxa2ZszjYR16Xp8U3T_I611QwHqd8lJlWOztf71S3-HJQTFo7_LQy4q3NxXRPJ5K1pRuuw==',5/10/1980 0:00,M,F,3/26/2003 0:00,<function SecurePII.to_hash.<locals>.<lambda>.<locals>.<lambda> at 0x00000147B0A66E60>,angela22@example.net
86,109,26,Alice,O,Ciccu,Production Technician - WC50,b'gAAAAABjUQoGgJIzZPiR2LUHboWMvShO4qFyiIZLcmMrqUQuVT4-eHw9cN_lnJmehc-xOMUXRReP0ZssKsHytQLmpM0-GeA9vg==',2/27/1972 0:00,M,F,1/8/2003 0:00,<function SecurePII.to_hash.<locals>.<lambda>.<locals>.<lambda> at 0x00000147B0A66EF0>,jamesramirez@example.com
87,111,26,Suroor,R,Fatima,Production Technician - WC50,b'gAAAAABjUQoGQoTe40vTac250FEdXfqkTzvIpGl4kNzBow3BTqFBmhI5v1oLipkPY6i2pqwXl7iBnuWhk6BRlJ_5DMs-r9yGwg==',3/28/1972 0:00,S,M,1/18/2003 0:00,<function SecurePII.to_hash.<locals>.<lambda>.<locals>.<lambda> at 0x00000147B0A66F80>,larsonsamuel@example.com
88,113,26,Linda,K,Moschell,Production Technician - WC50,b'gAAAAABjUQoGkZ3ipQifiw6drLi73q5kR5Qbs7vT_-oGwotm6FAZrs8dWw0mpEHVJk0JEMybEYWddrErKO7X_sw347RStnK5RQ==',8/17/1981 0:00,M,F,1/26/2003 0:00,<function SecurePII.to_hash.<locals>.<lambda>.<locals>.<lambda> at 0x00000147B0A67010>,wraymond@example.net
89,196,26,Shammi,G,Mohamed,Production Technician - WC40,b'gAAAAABjUQoGlD7j4_kg6U_Jt9Jv63mRhROeyMdCbKWSK7e4bWNEfnQIGz6d8PUFcdoa4e9_5-8x0Eje0_gKsXXE55fvZFDLEg==',11/5/1974 0:00,M,M,1/25/2003 0:00,<function SecurePII.to_hash.<locals>.<lambda>.<locals>.<lambda> at 0x00000147B0A670A0>,ibaker@example.com
90,218,25,Tengiz,N,Kharatishvili,Control Specialist,b'gAAAAABjUQoG6WY4tICjf2XYlWKObYTnZUzalv4M2b7sjiRItiXGgmm1TkiFPVjg_hueSb3JA0qxCA9eF7F33bPSuqrKXPIoUA==',5/29/1984 0:00,S,M,1/17/2003 0:00,<function SecurePII.to_hash.<locals>.<lambda>.<locals>.<lambda> at 0x00000147B0A67130>,elizabeth43@example.org
91,160,26,Jeff,V,Hay,Production Supervisor - WC45,b'gAAAAABjUQoGxdMUS-il3HYeb7_xcuhOEHyXiqV7tZdRW7HrY4XlJSMs6abOkvuYDf-T1mCzX0rnohtPej7zvwvkgPfsYtJQQQ==',2/16/1971 0:00,M,M,2/22/2003 0:00,<function SecurePII.to_hash.<locals>.<lambda>.<locals>.<lambda> at 0x00000147B0A671C0>,garciadanielle@example.net
92,13,25,Janice,M,Galvin,Tool Designer,b'gAAAAABjUQoG9LqfN9yNj5FNm2-lOia7-kT9dc9DQZJfUO-YIOSIKTpqoWK9fyTtl5k6j7Q4Jau7s9dtDycxgXyi1sarjw-Mrg==',6/29/1983 0:00,M,F,1/23/2005 0:00,<function SecurePII.to_hash.<locals>.<lambda>.<locals>.<lambda> at 0x00000147B0A67250>,singhdavid@example.org
93,286,285,Lynn,N,Tsoflias,Sales Representative,b'gAAAAABjUQoGuBkbs5BB3TkvqL909oZoYk-IYDHo2je_hNG8NqrhT9HoXc8GvdXljATabhclZ9kmHji19XJM-h95xVUQ0mOJjQ==',4/18/1965 0:00,S,F,7/1/2007 0:00,<function SecurePII.to_hash.<locals>.<lambda>.<locals>.<lambda> at 0x00000147B0A672E0>,theodore70@example.com
94,217,25,Zainal,T,Arifin,Document Control Manager,b'gAAAAABjUQoGJV_sCzOYGk34SvKI1LVLMc64Pvt9FrjocpZsNqY0s5gSmFklY9iJZ2VDN6zzFRBfM4QxU7M762cbbr5gzUbFBQ==',3/2/1970 0:00,M,M,2/5/2003 0:00,<function SecurePII.to_hash.<locals>.<lambda>.<locals>.<lambda> at 0x00000147B0A67370>,bairdjennifer@example.com
95,44,26,Simon,D,Rapier,Production Technician - WC60,b'gAAAAABjUQoGhSIwVfDKiVcFGhmOQOHjSxDF6hOQu39-iQ4ly6L8eJgBfVzmEtskKEI7Cln_NsGOfFyw8nzyLAv3qnIZVvV7AQ==',6/17/1984 0:00,S,M,1/9/2003 0:00,<function SecurePII.to_hash.<locals>.<lambda>.<locals>.<lambda> at 0x00000147B0A67400>,pamelacox@example.com
96,99,26,Nuan,,Yu,Production Technician - WC50,b'gAAAAABjUQoGah4yYO8Wrj2d9VTSrtGEq3RfS7rvZQIJ5VBumXgArjoedIOCldhFPP6KKy_4i3YL6O2mk-C_Oxds0iKC_-DdmA==',4/29/1973 0:00,S,M,2/7/2003 0:00,<function SecurePII.to_hash.<locals>.<lambda>.<locals>.<lambda> at 0x00000147B0A67490>,murphychad@example.org
97,96,26,Elizabeth,I,Keyser,Production Technician - WC50,b'gAAAAABjUQoGvGsasJh_vdCwx0Zw8ckVhSzHRbwPi6SBkifJ49EAm0Xlc_mq7wH4lWOroc4jb4lNWxFc6qDi4JNRelljkS8ykg==',2/26/1984 0:00,M,F,4/3/2003 0:00,<function SecurePII.to_hash.<locals>.<lambda>.<locals>.<lambda> at 0x00000147B0A67520>,johnwilliams@example.com
98,229,227,Lori,K,Penor,Janitor,b'gAAAAABjUQoG63OwE2VYqHCqDrdT-lEtNu_okqYKmbNdApgzLBm0fYMSEuy65ljjBNBGAUyZJAXk20LUgh6yTqjtVj3KwQsQ7Q==',8/31/1964 0:00,M,F,3/19/2004 0:00,<function SecurePII.to_hash.<locals>.<lambda>.<locals>.<lambda> at 0x00000147B0A675B0>,richardsonpatrick@example.net
99,65,26,Randy,T,Reeves,Production Technician - WC60,b'gAAAAABjUQoG4SYyDpjcSapjD_EsNH5VbmQyam7cbmM-v0OHpq4a97teOD4v4oyIa5YIFIOjZ3Nt6TjczS8PUlAg6HepD0gLDw==',5/29/1964 0:00,M,M,3/26/2004 0:00,<function SecurePII.to_hash.<locals>.<lambda>.<locals>.<lambda> at 0x00000147B0A67640>,reyeskatrina@example.org
100,178,26,John,N,Frum,Production Technician - WC30,b'gAAAAABjUQoGnaWXFGYI1VDIFti60gHUzgkQPXwB0LgcMKmbTwfiZOBuVBsvbe4kwgjsrpq5zzfJbFd3ojOKFv72y-d1aqaZtQ==',4/24/1976 0:00,S,M,4/4/2003 0:00,<function SecurePII.to_hash.<locals>.<lambda>.<locals>.<lambda> at 0x00000147B0A676D0>,jenniferwiley@example.com
101,26,25,Peter,J,Krebs,Production Control Manager,b'gAAAAABjUQoGQ2wFjL_smXJPU2v12DEI-8UUM_uNpXoojbhi0UVhvv9RcUvsuIX1MGRF_BYY6LeMrebo0-tYpZ_uE--w-6gZrA==',12/4/1976 0:00,M,M,1/2/2003 0:00,<function SecurePII.to_hash.<locals>.<lambda>.<locals>.<lambda> at 0x00000147B0A67760>,hwhite@example.net
102,93,26,Kok-Ho,T,Loh,Production Supervisor - WC50,b'gAAAAABjUQoG93PYKb5lMQVp7RN8pk-feLvAT1-dOkrADp5nmwAWuvd7K-Svi6kpK9ZWTcbsZ4oFvyioXTOpiPaba3CTFdwLJw==',5/30/1974 0:00,S,M,1/28/2003 0:00,<function SecurePII.to_hash.<locals>.<lambda>.<locals>.<lambda> at 0x00000147B0A677F0>,marcus96@example.net
103,134,26,Eric,,Gubbels,Production Supervisor - WC20,b'gAAAAABjUQoGSZxrgdQkJm5ykswXw45lnom2kNqb7fvCiEeQ6Ec26HO1XaZQADM1f1ce-UUngRlsTnFGCU00uniLq0uoW1RGWQ==',2/20/1979 0:00,M,M,2/15/2003 0:00,<function SecurePII.to_hash.<locals>.<lambda>.<locals>.<lambda> at 0x00000147B0A67880>,glennjones@example.com
104,151,26,Rostislav,E,Shabalin,Production Technician - WC30,b'gAAAAABjUQoG5emKAEwbDuSsKDnp-bw0FqOmuSLd62B1ZSTcBhgqCzfN37FmrqGhzgx1vCLylvBGfS1GUZkooELo6umRGZRMxA==',10/15/1971 0:00,M,M,3/23/2003 0:00,<function SecurePII.to_hash.<locals>.<lambda>.<locals>.<lambda> at 0x00000147B0A67910>,leahguerra@example.org
105,158,26,Shelley,N,Dyck,Production Technician - WC20,b'gAAAAABjUQoGPXKGGDtXxvRCVZktuh562kCZZCPyS9zG7e7pOs40LDqJ3Qk2tPb9kAWSU5h9pcgExw32XR2yr-X0TY1_bjC24g==',1/8/1981 0:00,S,F,4/8/2003 0:00,<function SecurePII.to_hash.<locals>.<lambda>.<locals>.<lambda> at 0x00000147B0A679A0>,dunnshelia@example.net
106,16,1,David,M,Bradley,Marketing Manager,b'gAAAAABjUQoG-ElPSrspPIeJMsvWcp9g_8MzDNvwd6U6xAQEWVwFcDJwk4ddFdG4UbRKXB1Jc_xKcZ5VVaB96YLk7MPYW16uAw==',4/19/1969 0:00,S,M,1/20/2002 0:00,<function SecurePII.to_hash.<locals>.<lambda>.<locals>.<lambda> at 0x00000147B0A67A30>,maxwelljoseph@example.net
107,135,26,Ivo,William,Salmre,Production Technician - WC20,b'gAAAAABjUQoGbJdW9JWHFQ5KQKbZeIR4ZJmW5eIKvIGnUVe2UbSgTVcjonImn9za26fru_J8QFolWVWqwm7EOHflqniwlIeEUg==',2/4/1976 0:00,M,M,1/5/2003 0:00,<function SecurePII.to_hash.<locals>.<lambda>.<locals>.<lambda> at 0x00000147B0A67AC0>,sruiz@example.com
108,268,263,Ramesh,V,Meyyappan,Application Specialist,b'gAAAAABjUQoGlfkOYS1Q4FOZXXdMs6hlzGAWQbKBL8FD-nzYR-y7LSH6yPCELYyPE3gWfGWA4RwuDxQ-Dg7fklijTZBa8vp0fQ==',4/14/1982 0:00,S,M,3/7/2003 0:00,<function SecurePII.to_hash.<locals>.<lambda>.<locals>.<lambda> at 0x00000147B0A67B50>,hawkinsamy@example.org
109,246,249,Dragan,K,Tomic,Accounts Payable Specialist,b'gAAAAABjUQoGPd63Vto0pEYOl1_DOvAn8MQM5AiL9L3mZYyHFChPAnpKC0Pkw6KWeo8ft1dxsk59VYe_rnOVfpKboG4c11MVkw==',3/18/1971 0:00,M,M,3/15/2003 0:00,<function SecurePII.to_hash.<locals>.<lambda>.<locals>.<lambda> at 0x00000147B0A67BE0>,hshelton@example.net
110,188,26,Douglas,B,Hite,Production Technician - WC45,b'gAAAAABjUQoG3-OR_KQSdMPoftu7DE7ZDLP4H6brsN0F6K7ja0j6f4FTmTIIlpV1IVZcL2lx_hSF6HNbJtZaiFdl1IVeRImnhA==',12/26/1979 0:00,M,M,1/28/2003 0:00,<function SecurePII.to_hash.<locals>.<lambda>.<locals>.<lambda> at 0x00000147B0A67C70>,donna73@example.net
111,177,26,Russell,M,King,Production Technician - WC30,b'gAAAAABjUQoGFsFcGtADu7gvSZLtJIiQcGRfuQ61xYNnR2Q7lBRg8Gy_XeW10bq6SMJFKWnHv9fvIHRLbTa2wHY93dff_NppUw==',3/14/1976 0:00,M,M,3/25/2003 0:00,<function SecurePII.to_hash.<locals>.<lambda>.<locals>.<lambda> at 0x00000147B0A67D00>,rebeccablack@example.net
112,23,16,Mary,E,Gibson,Marketing Specialist,b'gAAAAABjUQoGxikSvj7C-_uq3ekxWicKCslKt-GQYGT5LDcaSFtMuqJvvtvz8ms6FTbOLim0oG4mTq-XRQyYrGLwL-ZyxyOXwQ==',10/14/1956 0:00,M,F,2/13/2003 0:00,<function SecurePII.to_hash.<locals>.<lambda>.<locals>.<lambda> at 0x00000147B0A67D90>,wkelly@example.net
113,184,26,John,Y,Chen,Production Technician - WC20,b'gAAAAABjUQoG4FcU8GOJ-Gv4cIyPQJQkk3ORhK5equafrYBIMbSyvhC6z3H1ORdPH6iPkGotdKVoozuMxaRTOLczZVPqvVTkdA==',5/6/1980 0:00,M,M,3/13/2003 0:00,<function SecurePII.to_hash.<locals>.<lambda>.<locals>.<lambda> at 0x00000147B0A67E20>,kellyscott@example.org
114,284,274,Tete,A,Mensa-Annan,Sales Representative,b'gAAAAABjUQoGFlS4l_15yNf0ann-J-o1n4PhZHybw0dwzrfQL-JmQmSFbTnfLntOFgpUFe-mJhdAJcwpszeyxjz_vfI_bLmJLg==',2/6/1972 0:00,M,M,11/1/2006 0:00,<function SecurePII.to_hash.<locals>.<lambda>.<locals>.<lambda> at 0x00000147B0A67EB0>,ebarker@example.net
115,127,26,David,P,Hamilton,Production Supervisor - WC40,b'gAAAAABjUQoGmycmVRDR7FPqbc9hDcaWZuVsNwQjzXloDG1nFa7GCALojdwpf4lyKDGuYLZPT4ceTTVQV3PeQlYQvpFrE7yHow==',8/2/1977 0:00,S,M,2/4/2003 0:00,<function SecurePII.to_hash.<locals>.<lambda>.<locals>.<lambda> at 0x00000147B0A67F40>,paulwalker@example.org
116,182,26,Nitin,S,Mirchandani,Production Technician - WC20,b'gAAAAABjUQoGaLU-XYNnCiQtv1S0cwLZ8G3yezddSdjcm7dAM7VZsmKbgA2evwL7S19NerXkP9l-O1J_Ul83SgU_WmZ5lioKKg==',1/1/1981 0:00,S,M,1/29/2003 0:00,<function SecurePII.to_hash.<locals>.<lambda>.<locals>.<lambda> at 0x00000147B0A68040>,kingrandy@example.net
117,213,25,Sootha,T,Charncherngkha,Quality Assurance Technician,b'gAAAAABjUQoGmCarJAFgVqBpuwNZEJIfzh1WypT8WXk6-7xmNh9PU9RezrV5udu5Z_-tXcCFolbHJQ3Yg7y7CugnXZw6_MWHzQ==',1/5/1961 0:00,M,M,3/26/2004 0:00,<function SecurePII.to_hash.<locals>.<lambda>.<locals>.<lambda> at 0x00000147B0A680D0>,delgadobrad@example.net
118,174,26,Benjamin,R,Martin,Production Technician - WC30,b'gAAAAABjUQoGtazEWEjDYCYgQ-BFjLOkWtqvQK7nnOTYETiiWD4Nd4Q2s0ArvYVPyyV7OwgpkgYfhwehJjUuSOyIbv33sB1eEg==',2/6/1980 0:00,S,M,2/28/2003 0:00,<function SecurePII.to_hash.<locals>.<lambda>.<locals>.<lambda> at 0x00000147B0A68160>,christopherhurst@example.com
119,131,26,Baris,F,Cetinok,Production Technician - WC40,b'gAAAAABjUQoG3TgZJMemeUBkCUjNhNF7gIHGRJBkuHqQEWiegMrPhsWLJ9xrjIuMvy9MEUnsSwgKV5VznUvb9Z611RXz9UbT5w==',11/7/1984 0:00,S,M,3/19/2003 0:00,<function SecurePII.to_hash.<locals>.<lambda>.<locals>.<lambda> at 0x00000147B0A681F0>,heather65@example.com
120,80,26,Sandeep,P,Kaliyath,Production Technician - WC40,b'gAAAAABjUQoGapQ7gLqD66guTg-9-Y5TdcRVRTyENMlmwecdZeieYVB64Xr26E6og7ZAWzWbM5AFNWWWl58Tf4wnD3wWspdvnQ==',1/3/1965 0:00,S,M,2/18/2004 0:00,<function SecurePII.to_hash.<locals>.<lambda>.<locals>.<lambda> at 0x00000147B0A68280>,bergsheri@example.org
121,235,1,Paula,M,Barreto  de Mattos,Human Resources Manager,b'gAAAAABjUQoGoByjE1LlMHfIsNsEoHPyTItFTC6wXEjGf96A1jmyOJ7ugqaDy4RgHLY4W4SCKbG-mr7ptwMYZ_3VrAfNmxdPMg==',3/14/1970 0:00,M,F,1/7/2003 0:00,<function SecurePII.to_hash.<locals>.<lambda>.<locals>.<lambda> at 0x00000147B0A68310>,fvazquez@example.net
122,125,250,Matthias,T,Berndt,Shipping and Receiving Clerk,b'gAAAAABjUQoGdndNrsw4pENCkndMkC3qxNyi0APNS4Q7QD6x8PWG9O2Ar2jZfk1D_aSSu8XHkWZYAVbjX_zZHzMcNX5XFvl8sQ==',12/13/1967 0:00,M,M,2/21/2003 0:00,<function SecurePII.to_hash.<locals>.<lambda>.<locals>.<lambda> at 0x00000147B0A683A0>,meghan29@example.com
123,1,2,Ken,J,Sánchez,Chief Executive Officer,b'gAAAAABjUQoGjqos_RlOCktc5a7ODpVzywpL6YBHI81Ky3hakj_8lKyX1SgHvM556f8YbLgIzC83xJzJ59WKBpeqCDSuVMHSiQ==',3/2/1963 0:00,S,M,2/15/2003 0:00,<function SecurePII.to_hash.<locals>.<lambda>.<locals>.<lambda> at 0x00000147B0A68430>,mfletcher@example.net
124,164,26,Andrew,M,Cencini,Production Technician - WC45,b'gAAAAABjUQoGncckPxZHB1Zn--Xo8GqYY2yeS3-oUtjVCg54woL2y3120r2DxSMTAgt7CPCzQv0X5knsg8P0PTNIAQ7pSlusqA==',10/26/1982 0:00,S,M,4/7/2003 0:00,<function SecurePII.to_hash.<locals>.<lambda>.<locals>.<lambda> at 0x00000147B0A684C0>,xdavidson@example.net
125,249,234,Wendy,Beth,Kahn,Finance Manager,b'gAAAAABjUQoG6hOkcLP3P4w2OQOfUUdSFnfDvzl1TkDxS6f8pF3fOPFgEmmiscl1s3jHAWRUvk-u6LJ3z4rFJPXa3Buqk39B1Q==',11/12/1978 0:00,S,F,1/26/2003 0:00,<function SecurePII.to_hash.<locals>.<lambda>.<locals>.<lambda> at 0x00000147B0A68550>,tammybest@example.com
126,189,26,Janeth,M,Esteves,Production Technician - WC45,b'gAAAAABjUQoG1qf7ssRG8mKwxBSnkYfuR9D07hzGgK1lBkSw2s-Ky9TpgzK00xdwzz3SUb1t3Hlxuvk07hDMX4W_qxBGULW4fQ==',8/25/1966 0:00,S,F,2/16/2003 0:00,<function SecurePII.to_hash.<locals>.<lambda>.<locals>.<lambda> at 0x00000147B0A685E0>,erichicks@example.net
127,39,26,Ed,R,Dudenhoefer,Production Technician - WC60,b'gAAAAABjUQoGll9pxrPZ2Mxa5eoeKSPftWdOAz90PSqcNWOpAtI2AE_-VsiGzCGPijGAgJ2EKC7EBCTzQ1t9ceNIhMndm7bnRg==',10/12/1965 0:00,S,M,3/8/2004 0:00,<function SecurePII.to_hash.<locals>.<lambda>.<locals>.<lambda> at 0x00000147B0A68670>,ndominguez@example.net
128,145,26,Cynthia,S,Randall,Production Supervisor - WC30,b'gAAAAABjUQoGGVILFM8SibmcxXLfwImHhov0NnlpzNPQR62iEt8Nd_DaLLKqyugd-RwT4P8-IPwno3XVeMY6SRUECbYtW1i-6w==',9/19/1975 0:00,S,F,2/28/2003 0:00,<function SecurePII.to_hash.<locals>.<lambda>.<locals>.<lambda> at 0x00000147B0A68700>,johnsonthomas@example.net
129,42,26,James,D,Kramer,Production Technician - WC60,b'gAAAAABjUQoGLOyY9CU1lW0VH_QXdWykMECep6R_yvC8hvDIklrUT3Uto_rBVROI4EspFHHatgNF8M_aC5rTjTwD9HUb52X-sw==',8/26/1978 0:00,M,M,1/28/2003 0:00,<function SecurePII.to_hash.<locals>.<lambda>.<locals>.<lambda> at 0x00000147B0A68790>,rodriguezkathryn@example.com
130,8,25,Diane,L,Margheim,Research and Development Engineer,b'gAAAAABjUQoGEeR9VoYULSxj4Mc4IFBDuChNFpecp8O1ovg6WQXRggGaM0FhqGQDWmvNkZDt_gaWywADPylwc-AZsisL9izV9w==',7/6/1980 0:00,S,F,1/30/2003 0:00,<function SecurePII.to_hash.<locals>.<lambda>.<locals>.<lambda> at 0x00000147B0A68820>,zgonzalez@example.org
131,149,26,Andy,M,Ruth,Production Technician - WC30,b'gAAAAABjUQoGsi4Fz5vI5a7QApTTAKV4rCVTYF5Rq0P5L4giA6XlpnO0xDMJ0BapHoVexgtnPURmhLOoGi7fWAFN6hIfv34IZQ==',11/20/1977 0:00,M,M,3/4/2003 0:00,<function SecurePII.to_hash.<locals>.<lambda>.<locals>.<lambda> at 0x00000147B0A688B0>,rmoore@example.com
132,54,26,Bonnie,N,Kearney,Production Technician - WC10,b'gAAAAABjUQoGuludfzEqERF3NmkE12Mm0Gi0Pc7Zyek04WIeHyvDj1hlfuHZQjE4kV965C_xYRlKDodpQif_LrPB1Nlo7Lglgw==',10/11/1980 0:00,M,F,2/2/2004 0:00,<function SecurePII.to_hash.<locals>.<lambda>.<locals>.<lambda> at 0x00000147B0A68940>,clarkteresa@example.com
133,110,26,Jun,T,Cao,Production Technician - WC50,b'gAAAAABjUQoGuIt1JEIn2rIXePj-FdV45SCV5eAu0djyF268hrc1aJcJOR7Dg4GTBTt4pv4AIMDuLFQKZJgdYX_sg_j8UYWphg==',8/6/1973 0:00,S,M,1/15/2003 0:00,<function SecurePII.to_hash.<locals>.<lambda>.<locals>.<lambda> at 0x00000147B0A689D0>,joshuareed@example.com
134,180,26,Katie,L,McAskill-White,Production Supervisor - WC20,b'gAAAAABjUQoG179lLO8h_QwmsXb2fj63Ym9R6JeHjy6fxiwvX7Nv_Bd-Fr12ZJqPp7pliIDgSSsl0JkX3FDPQ1TJ3VUUuIJwzA==',12/20/1978 0:00,S,F,3/24/2003 0:00,<function SecurePII.to_hash.<locals>.<lambda>.<locals>.<lambda> at 0x00000147B0A68A60>,kerry56@example.org
135,287,273,Amy,E,Alberts,European Sales Manager,b'gAAAAABjUQoGLFdxt-I1kaTEue5E-m8i7--FanmwUXVVTyEMPndmGQQ8XvyhlQVSyw9_Tw4NVf1FoRyD-09NubHiPAds46i1WQ==',10/22/1951 0:00,M,F,5/18/2006 0:00,<function SecurePII.to_hash.<locals>.<lambda>.<locals>.<lambda> at 0x00000147B0A68AF0>,joseph25@example.net
136,152,26,Yuhong,L,Li,Production Supervisor - WC20,b'gAAAAABjUQoGtOWx29qZrmZ_glG2Pb_rnMmFfk87ofpwJxYbxxIoOxqjTzpMwyPGKNafYRpNqu7West_fxqbZ5wH_NT_6YVD9Q==',5/8/1971 0:00,M,M,3/5/2003 0:00,<function SecurePII.to_hash.<locals>.<lambda>.<locals>.<lambda> at 0x00000147B0A68B80>,erica45@example.org
137,171,26,David,A,Yalovsky,Production Technician - WC30,b'gAAAAABjUQoGyOaSnO5GKqttC_cftbC4g_JgV4x73QNGl__mKiDhN57ZIdGz0bLkTYsHJDFLbeLW5SB86dcpIrtXnut7_WpVQg==',9/4/1975 0:00,S,M,2/3/2003 0:00,<function SecurePII.to_hash.<locals>.<lambda>.<locals>.<lambda> at 0x00000147B0A68C10>,wrightcorey@example.org
138,130,26,Rob,T,Caron,Production Technician - WC40,b'gAAAAABjUQoG7X6pZXX3Q4i_38AvFHAZsWRRH3COl9vxgt8ojwh6G8vOFRwwC96t0h3enzsZq638lazRr8zPUWmDqTd3YTWOYg==',9/5/1967 0:00,S,M,3/17/2003 0:00,<function SecurePII.to_hash.<locals>.<lambda>.<locals>.<lambda> at 0x00000147B0A68CA0>,anna15@example.com
139,55,26,Taylor,R,Maxwell,Production Supervisor - WC50,b'gAAAAABjUQoGfS0F-qJF-M3ftmjefh-VH5wALP8D0C5Zp558fAAscxnTvOMBnL9bEifaPMkxi3M0YkE-mmduemxDfbCEyzQwKQ==',5/3/1950 0:00,M,M,3/11/2002 0:00,<function SecurePII.to_hash.<locals>.<lambda>.<locals>.<lambda> at 0x00000147B0A68D30>,wendyharris@example.com
140,211,25,Hazem,E,Abolrous,Quality Assurance Manager,b'gAAAAABjUQoGPhPIE4d_f8WtVJ-iZxdrcwDcLD9eDuEswVcN1l27_Gtccs7KHy269gkQNe_Y2biD_n9GbJujJJzoFRGlYKXcXA==',11/27/1971 0:00,S,M,4/1/2003 0:00,<function SecurePII.to_hash.<locals>.<lambda>.<locals>.<lambda> at 0x00000147B0A68DC0>,vangtammy@example.com
141,79,26,Eric,L,Brown,Production Technician - WC40,b'gAAAAABjUQoGnF4L2ak-ZN_49VzCS0Wk2HeZvnLwgl8-2t2umTKr5D-jqUv1H2CR8JsmDNAE7tZg3vgneHJlA3LpUK72D_vjIg==',1/8/1961 0:00,M,M,2/25/2004 0:00,<function SecurePII.to_hash.<locals>.<lambda>.<locals>.<lambda> at 0x00000147B0A68E50>,victorroman@example.net
142,36,26,Jose,R,Lugo,Production Technician - WC60,b'gAAAAABjUQoGms4WyxzrH-FsS6qQ2QJn_JUHupLNTKc_M7VJTM0DWftNazdCxSHKj9xW8SuijNgpPbK0tzltWUZY1JiD_JWBsQ==',9/1/1978 0:00,M,M,3/14/2003 0:00,<function SecurePII.to_hash.<locals>.<lambda>.<locals>.<lambda> at 0x00000147B0A68EE0>,jacksonjames@example.net
143,90,26,Danielle,C,Tiedt,Production Technician - WC10,b'gAAAAABjUQoGHBhLw7kjMDysq65v5xYYg6iFAlRA3cPJKOG4ZQxhve7NGCj3cIhAWEK-CyYGgYjvXUUXfA2CISb34p9M1hbyKQ==',10/8/1980 0:00,S,F,3/23/2004 0:00,<function SecurePII.to_hash.<locals>.<lambda>.<locals>.<lambda> at 0x00000147B0A68F70>,stephenobrien@example.com
144,92,26,Tom,M,Vande Velde,Production Technician - WC10,b'gAAAAABjUQoG4Off9D8BjJquvtPuG4tP4hVdhA0YlLsRrKPrVN6x07Q4NHIOht2s9TxiRYixEw9SZz8SxXMuTzDEeNwrkqCWYA==',11/1/1980 0:00,M,M,4/10/2004 0:00,<function SecurePII.to_hash.<locals>.<lambda>.<locals>.<lambda> at 0x00000147B0A69000>,whayes@example.com
145,267,263,Karen,A,Berg,Application Specialist,b'gAAAAABjUQoG05c3DMHsPg71CWg7mj9j_I68lu71M2bZwN-YMTEYBhl5OEwGNSpGJTH8mBqauAcA-jYzDZFw3tUkz5c65vj3JQ==',6/19/1972 0:00,S,F,3/20/2003 0:00,<function SecurePII.to_hash.<locals>.<lambda>.<locals>.<lambda> at 0x00000147B0A69090>,amyhart@example.com
146,68,26,Charles,B,Fitzgerald,Production Technician - WC60,b'gAAAAABjUQoGvoDDHAn5gkN_nDxAxFa8FkyWAKmL-nEd1D4_1taprkBAJz215leDWDMrl8S2UPDBQabBxfah1kO451Cieaysxw==',10/3/1965 0:00,S,M,1/4/2004 0:00,<function SecurePII.to_hash.<locals>.<lambda>.<locals>.<lambda> at 0x00000147B0A69120>,helen44@example.com
147,250,249,Sheela,H,Word,Purchasing Manager,b'gAAAAABjUQoGVQVp90XnyJGoyUsBm0vTD3M4mnxm9kZ5xndYUmhKeFr9veVxoqW2Kqi3m4SGavJ7AOfKCvVvoym6lFTd6_UCXQ==',3/13/1972 0:00,S,F,3/28/2005 0:00,<function SecurePII.to_hash.<locals>.<lambda>.<locals>.<lambda> at 0x00000147B0A691B0>,hwood@example.com
148,60,26,Pete,C,Male,Production Technician - WC50,b'gAAAAABjUQoG3CE_ZCJ4g63Gv0i0yXRKDxLqWttyjM-d1QJ2pPIXNCDQBMmtgfWBWk7WLzzDHaO8vMD-aGv1ZtJutct3ofLtPg==',3/7/1971 0:00,S,M,2/12/2003 0:00,<function SecurePII.to_hash.<locals>.<lambda>.<locals>.<lambda> at 0x00000147B0A69240>,jennifer89@example.org
149,120,26,Kitti,H,Lertpiriyasuwat,Production Technician - WC50,b'gAAAAABjUQoGDZ_P22Znqt2jn5XgSYzkLpBeluiL9NLVuNhIeZuy_5A4foOcCsXKiXiJE7cWwdR2T4jgeU6PUqnzy3nouHtK8A==',7/7/1981 0:00,S,F,4/5/2003 0:00,<function SecurePII.to_hash.<locals>.<lambda>.<locals>.<lambda> at 0x00000147B0A692D0>,joshua46@example.org
150,98,26,Sameer,A,Tejani,Production Technician - WC50,b'gAAAAABjUQoGKWYUkYxUT_r0O8TC8wRRcez3elBV-2VtvzH6zNKZPD9FmxBNSGLuSZPxIFeySlUafDWmzosXLWPypaEZJO81yQ==',7/27/1972 0:00,M,M,3/15/2003 0:00,<function SecurePII.to_hash.<locals>.<lambda>.<locals>.<lambda> at 0x00000147B0A69360>,erika39@example.com
151,121,250,Pilar,G,Ackerman,Shipping and Receiving Supervisor,b'gAAAAABjUQoGTHEFHOCjWjLDqXi7EvaylnVxpHXGC0G4QSlLrvM5rVhPUtE-N8EkYEsZw1GyKt_9wEe1eRP-Cj8tLzprxYyOXg==',10/11/1966 0:00,S,M,2/3/2003 0:00,<function SecurePII.to_hash.<locals>.<lambda>.<locals>.<lambda> at 0x00000147B0A693F0>,lauren13@example.org
152,197,26,Rajesh,M,Patel,Production Technician - WC40,b'gAAAAABjUQoGzKTyl3Vjzimk7Ffb0l43i3wzWAWI7Y1iS87mxw9RoUzh2XYtJR-zj0LuTB3y3LNIDOQF_MVc7DK_sRTVMa9VxQ==',11/5/1971 0:00,M,M,2/1/2003 0:00,<function SecurePII.to_hash.<locals>.<lambda>.<locals>.<lambda> at 0x00000147B0A69480>,fallen@example.com
153,240,235,Willis,T,Johnson,Recruiter,b'gAAAAABjUQoG5IjvQc4zwIDHHbM0a47J0EjTRVYLWUp8SeVsdX937vsVPTXJohq2aCevjUDyM2wqtNc6LfJ-bfSlKPAM8NEPaw==',8/18/1972 0:00,S,M,1/14/2003 0:00,<function SecurePII.to_hash.<locals>.<lambda>.<locals>.<lambda> at 0x00000147B0A69510>,jenniferrasmussen@example.org
154,11,25,Ovidiu,V,Cracium,Senior Tool Designer,b'gAAAAABjUQoGBxNaES4YFSWc6xakK-PVr-vbbOPX6QFrCYsIFLf8tErV7Ek28x9a7kZe2wtZkZuzLsaghMu-E-CPtEe4fN6wdw==',2/18/1972 0:00,S,M,1/5/2005 0:00,<function SecurePII.to_hash.<locals>.<lambda>.<locals>.<lambda> at 0x00000147B0A695A0>,stevenphillips@example.net
155,52,26,Doris,M,Hartwig,Production Technician - WC10,b'gAAAAABjUQoGea05S_80-lFguFA6I7WLHDkE3K_0-x8hyds_7ASQiJ9vri1MnUjm8ADAhmorbBG--f8nGnUXfKtPCBPvvRLIVg==',5/6/1950 0:00,M,F,4/11/2002 0:00,<function SecurePII.to_hash.<locals>.<lambda>.<locals>.<lambda> at 0x00000147B0A69630>,qramos@example.com
156,77,26,Merav,A,Netz,Production Technician - WC30,b'gAAAAABjUQoGKqd7UKFwPa81FPXL581ezhKW0lL3vjTFUV1EAjHe5Fnh1SkkBHJ5EmsQIcZdyed53-Uoq3puWcZerUOIDKYzbQ==',6/13/1977 0:00,M,F,4/4/2003 0:00,<function SecurePII.to_hash.<locals>.<lambda>.<locals>.<lambda> at 0x00000147B0A696C0>,jeffrey00@example.org
157,56,26,Denise,H,Smith,Production Technician - WC50,b'gAAAAABjUQoGxXmKfcTKKO0bkRBidpwPEYqQdFELKv9o81TmR9U1YuY1f61o9Jk80Fh5zO2KAoM4PaedoIOszHUhvnESUkhYgg==',8/7/1982 0:00,M,F,3/9/2003 0:00,<function SecurePII.to_hash.<locals>.<lambda>.<locals>.<lambda> at 0x00000147B0A69750>,ojohnson@example.net
158,6,25,Jossef,H,Goldberg,Design Engineer,b'gAAAAABjUQoG4lbD5LdDfaX6L6EJ-v3hJ37lc2uLmq2As49eQYdMq9aMIHbRF9NZWMo3rBlF__jFtJ8MmReTOhaOzuxkl213lw==',4/11/1953 0:00,M,M,2/24/2002 0:00,<function SecurePII.to_hash.<locals>.<lambda>.<locals>.<lambda> at 0x00000147B0A697E0>,william55@example.org
159,88,26,Betsy,A,Stadick,Production Technician - WC10,b'gAAAAABjUQoGJogCR59Nz04arn67YAqjgWpvl_8k9FOl1MW4L4-D7lYOcukZNU1WRqoGuo42PlrS-GjvUUp9pzPfMbtE_NX2SA==',1/17/1961 0:00,S,F,1/19/2004 0:00,<function SecurePII.to_hash.<locals>.<lambda>.<locals>.<lambda> at 0x00000147B0A69870>,paynemadeline@example.org
160,34,26,Suchitra,O,Mohan,Production Technician - WC60,b'gAAAAABjUQoGLBE1WUjUeL3OpGGstBE-Kv_e9hRhYoCWpCDMb5AsUTKNaT2TiqzsxZibWeVBpNiM4dCui8msgXI9q32DR4a4YA==',7/11/1981 0:00,M,F,3/20/2003 0:00,<function SecurePII.to_hash.<locals>.<lambda>.<locals>.<lambda> at 0x00000147B0A69900>,lisa68@example.org
161,4,25,Rob,,Walters,Senior Tool Designer,b'gAAAAABjUQoGsPQa8bxaoldQhw7GFxkLDB3q-ds_VWmO5Bwnq0r4-_t7bmoeGtF_-ixF_M_51TMf8Ginxiq30gZG3c-syFIO9w==',1/23/1969 0:00,S,M,1/5/2002 0:00,<function SecurePII.to_hash.<locals>.<lambda>.<locals>.<lambda> at 0x00000147B0A69990>,ybooker@example.net
162,84,26,Frank,R,Martinez,Production Technician - WC40,b'gAAAAABjUQoG8ajSN3qwD22PqRpR4lbJE-pt0YVg1ifV3HCDvjSE-0kEdEB264E4AIbUQFATFepR0e-hc9Z2T2SIbZvhVJBtPQ==',4/3/1946 0:00,M,M,3/8/2004 0:00,<function SecurePII.to_hash.<locals>.<lambda>.<locals>.<lambda> at 0x00000147B0A69A20>,brandon94@example.com
163,281,274,Shu,K,Ito,Sales Representative,b'gAAAAABjUQoGBhW8QyJI1R0l-LLdTCP4Pmb9CIyP7BXr2GERAN8-RjWfsKdPzgIF0HLAvZzpXjr8no59rgnfoUEEQ2duaOojrw==',4/10/1962 0:00,M,M,10/1/2005 0:00,<function SecurePII.to_hash.<locals>.<lambda>.<locals>.<lambda> at 0x00000147B0A69AB0>,christina03@example.com
164,51,26,Jeffrey,L,Ford,Production Technician - WC10,b'gAAAAABjUQoGltKOTP9E9WbVpCx7jNkGKAnnNOI2K1ZC8NbFBq3E-zawm81Tw2597eA8FVy7MWU8d87i4YBGuq4nc6XWk98Klw==',8/12/1950 0:00,S,M,3/23/2002 0:00,<function SecurePII.to_hash.<locals>.<lambda>.<locals>.<lambda> at 0x00000147B0A69B40>,johnsonangela@example.net
165,117,26,Chad,W,Niswonger,Production Technician - WC50,b'gAAAAABjUQoGut7FwMYMdCvi-Ue5ycKEsxecMSZixxJQi0KW6_Lb6iJHYT437aY4oQJZppeI6rtTaH58i7g4VEI4RrvtpOTvBA==',9/4/1984 0:00,M,M,3/22/2003 0:00,<function SecurePII.to_hash.<locals>.<lambda>.<locals>.<lambda> at 0x00000147B0A69BD0>,hailey02@example.net
166,74,26,Bjorn,M,Rettig,Production Technician - WC30,b'gAAAAABjUQoGdmZVdw3Znep4UtOnH_TsESQw5ziYqXT9Zz-Y6mCr0CWmjXn4eVK8xGIkbkelx9vnGsuUiaMsSXZCweCpa7JUjA==',12/8/1983 0:00,S,M,2/8/2003 0:00,<function SecurePII.to_hash.<locals>.<lambda>.<locals>.<lambda> at 0x00000147B0A69C60>,joeyates@example.net
167,271,263,Dan,B,Wilson,Database Administrator,b'gAAAAABjUQoGz4w5kJQjsLIfAqoNpEhpXsl-3XGzSrFh0EZnDrscrBfyll4LxUR9T9k1GK2NEyUUeveBtvSptL8qFKjGrWCRvg==',2/6/1970 0:00,M,M,2/23/2003 0:00,<function SecurePII.to_hash.<locals>.<lambda>.<locals>.<lambda> at 0x00000147B0A69CF0>,burgessdeborah@example.org
168,57,26,Frank,T,Miller,Production Technician - WC50,b'gAAAAABjUQoGdl__iYUtLITxs9spqQq_asGk2I1zFDnceCJscDGHfd1TNQXC_cyn9klXWT-1yup4juL4E2ymSwzgiY_xyGFG1Q==',8/24/1965 0:00,S,M,3/27/2003 0:00,<function SecurePII.to_hash.<locals>.<lambda>.<locals>.<lambda> at 0x00000147B0A69D80>,karenbradford@example.com
169,272,263,Janaina,Barreiro  Gambaro,Bueno,Application Specialist,b'gAAAAABjUQoGpJzYbVlpCpWhivIRdVsMigMgCPp9YwZC_8FMxx5nq5_Sq-voVGsEmQOeoQh3NiBSJAMLddnheUuSRfuBmm9tmg==',3/3/1979 0:00,M,F,1/24/2003 0:00,<function SecurePII.to_hash.<locals>.<lambda>.<locals>.<lambda> at 0x00000147B0A69E10>,patricia64@example.net
170,256,250,Frank,S,Pellow,Buyer,b'gAAAAABjUQoGQi1B_mYNOJfXZ4m-tMoqGv92aIh78dhLxf5ucLqr_FVY2o47jEJDYmgeoOR1lyo91tKW25OMtVmPLRtrXV3W4g==',6/13/1946 0:00,M,M,2/24/2004 0:00,<function SecurePII.to_hash.<locals>.<lambda>.<locals>.<lambda> at 0x00000147B0A69EA0>,carolynreyes@example.net
171,129,26,Gary,W,Yukish,Production Technician - WC40,b'gAAAAABjUQoGwsJMpiNUSakIaXEnadupXwqirqvhyC78Cps_WiM8awQNnx-GquSHV97UeNUoWMLSN6_4c4qMIO8WQ7A49OQtSg==',6/17/1982 0:00,S,M,1/23/2003 0:00,<function SecurePII.to_hash.<locals>.<lambda>.<locals>.<lambda> at 0x00000147B0A69F30>,pricerebekah@example.org
172,105,26,Kevin,M,Homer,Production Technician - WC10,b'gAAAAABjUQoGiE--g-jAsQt6wRIy3q23jke3EXb94TyPOD-X7z-wtslGuOswJwwEHUKuEXKrnbIp2FQA5lsxxxR8mSee4zv8Mg==',10/20/1980 0:00,S,M,1/26/2004 0:00,<function SecurePII.to_hash.<locals>.<lambda>.<locals>.<lambda> at 0x00000147B0A69FC0>,cathylee@example.net
173,253,250,Linda,P,Meisner,Buyer,b'gAAAAABjUQoGatFaTNOemqKKOIzOmaoTX8jx5ebXUbqNayA5DzeYHPuLqyDEeI1xz2_ijzhzvZwou8UbpjPTXdmkJQYIdQh0tA==',12/31/1964 0:00,M,F,1/18/2004 0:00,<function SecurePII.to_hash.<locals>.<lambda>.<locals>.<lambda> at 0x00000147B0A6A050>,stevenharper@example.net
174,261,250,Reinout,N,Hillmann,Purchasing Assistant,b'gAAAAABjUQoG_l0E2acjQivmIT7vIC-3xqa5IAW4g2wRtdi6SVPtmtvy7Oj4ioPF-tmzZe26cTL6EnTn-OIM_ETSFjhaT-PAmw==',2/18/1972 0:00,M,M,1/25/2005 0:00,<function SecurePII.to_hash.<locals>.<lambda>.<locals>.<lambda> at 0x00000147B0A6A0E0>,ericbarnes@example.net
175,19,16,Mary,A,Dempsey,Marketing Assistant,b'gAAAAABjUQoG_5tVqw6Uq9yNqrSTPYkGL8vH75X6zsn9Wv_S9kwOf_4MUYCK0BbUAg9WjDFhBzB3JqsF4V9mo8lYmaf-1_aoTA==',3/1/1972 0:00,S,F,3/17/2005 0:00,<function SecurePII.to_hash.<locals>.<lambda>.<locals>.<lambda> at 0x00000147B0A6A170>,adamselizabeth@example.net
176,280,274,Pamela,O,Ansman-Wolfe,Sales Representative,b'gAAAAABjUQoGb1lahvMdXmH0N8Ao7cMPKaPnHqoK9NbJXqvXNwRs79j2OG7AwuY9GQaUUioFLTR0M8yZMx3Q7bAyI0Dcyj3Y1g==',1/6/1969 0:00,S,F,10/1/2005 0:00,<function SecurePII.to_hash.<locals>.<lambda>.<locals>.<lambda> at 0x00000147B0A6A200>,alyssa75@example.com
177,260,250,Annette,L,Hill,Purchasing Assistant,b'gAAAAABjUQoGFmn4dAEh513KP6SO8xGmG8ii-UusoKVKcGroVbyznR6eZbGCowzLQKE5a_am8vODO9DzQoVG6wsPAjOUUL7izw==',3/1/1972 0:00,M,F,1/6/2005 0:00,<function SecurePII.to_hash.<locals>.<lambda>.<locals>.<lambda> at 0x00000147B0A6A290>,shannonmanning@example.org
178,59,26,Bob,N,Hohman,Production Technician - WC50,b'gAAAAABjUQoGRDbSV9YFXCNj89KeFNeo5sxC9SkQRpmdFrcn74w7QofM5kbn_-vKImJSV3geKskIMMDJO-BvHAI6RJrWEP4c7g==',9/16/1973 0:00,S,M,1/25/2003 0:00,<function SecurePII.to_hash.<locals>.<lambda>.<locals>.<lambda> at 0x00000147B0A6A320>,zjordan@example.net
179,206,26,Stuart,V,Munson,Production Technician - WC45,b'gAAAAABjUQoGhk1Ae87Sil-5xlDAAVXd8LL3GB7dx6xzUrq3Ob7ub2Sd1uqY9hw41l4U9bbPfnaXci8AWrFN_PqHUXS_V4RNMQ==',10/14/1956 0:00,S,M,1/3/2003 0:00,<function SecurePII.to_hash.<locals>.<lambda>.<locals>.<lambda> at 0x00000147B0A6A3B0>,ggolden@example.com
180,71,26,Michael,Sean,Ray,Production Supervisor - WC30,b'gAAAAABjUQoGTb_FnhF7OfdAfuDJJASlHRs7WctzumoseTR9334i_yFhoRQCN6MOWKRxuAwu6oAtYd60GVXAfySvwXQx5OMmAw==',3/2/1983 0:00,S,M,3/19/2003 0:00,<function SecurePII.to_hash.<locals>.<lambda>.<locals>.<lambda> at 0x00000147B0A6A440>,stownsend@example.net
181,14,25,Michael,I,Sullivan,Senior Design Engineer,b'gAAAAABjUQoGHhbs4kKztzkW7LLCppukD2eeEIcOBWIF2a9KEIwS2G_9bCQY_TIEOTZhFLr72mbpNH0LlUTdBgKLAcwT6hRegg==',7/17/1973 0:00,S,M,1/30/2005 0:00,<function SecurePII.to_hash.<locals>.<lambda>.<locals>.<lambda> at 0x00000147B0A6A4D0>,kvang@example.com
182,102,26,Zheng,W,Mu,Production Supervisor - WC10,b'gAAAAABjUQoGkHr5I8r24lnbDp8oVv24nKGK41PKxYYrgyEBGvP5wR-9xD-Rxt1hEPOO43gYBbfWWDtz_FgDDojYajHtVU8zrA==',11/26/1977 0:00,S,M,1/4/2003 0:00,<function SecurePII.to_hash.<locals>.<lambda>.<locals>.<lambda> at 0x00000147B0A6A560>,laurenwright@example.com
183,265,263,Ashvini,R,Sharma,Network Administrator,b'gAAAAABjUQoGtUFnXeL5aUyx-dqOQEYPrNB3RvJfulZwfK7UlOaOyjfyJDbwmcLNURkpwcOLBP5ZbQfj6kq3Pc-ZXc-3irq3Mw==',4/28/1971 0:00,S,M,1/5/2003 0:00,<function SecurePII.to_hash.<locals>.<lambda>.<locals>.<lambda> at 0x00000147B0A6A5F0>,justin24@example.net
184,47,26,Andrew,R,Hill,Production Supervisor - WC10,b'gAAAAABjUQoGy9Fb22cHClQMFVmxVr5c2CzyrsPrhom_25-BywuVHE-Sp6qvZTtlqtGmY5fT-jcnNGyE_1U2KW4c_ne3QPLg2A==',10/8/1982 0:00,S,M,3/26/2003 0:00,<function SecurePII.to_hash.<locals>.<lambda>.<locals>.<lambda> at 0x00000147B0A6A680>,wfrederick@example.com
185,165,26,Chris,T,Preston,Production Technician - WC45,b'gAAAAABjUQoG0fJ1RIj5zG_aye84gCEM3WOt9r3X7SPjUDBGKAazxsGsUtQutA3K7Y8-RblUJ3gNee6AGeXV0C0742UPmmIB4Q==',1/17/1983 0:00,M,M,2/23/2003 0:00,<function SecurePII.to_hash.<locals>.<lambda>.<locals>.<lambda> at 0x00000147B0A6A710>,jeffreyjohnson@example.com
186,167,26,David,N,Johnson,Production Technician - WC30,b'gAAAAABjUQoGkjYPwQEPpSxBJPwtapQFM2_Sojqg7Xy7JpdloFyFRe6OTnO77x6AZFTxSPtpp8Hv_AkTiC8D-hO3lCDOkRDDjg==',12/3/1973 0:00,S,M,1/3/2003 0:00,<function SecurePII.to_hash.<locals>.<lambda>.<locals>.<lambda> at 0x00000147B0A6A7A0>,thomassanchez@example.org
187,224,25,William,S,Vong,Scheduling Assistant,b'gAAAAABjUQoGKxEDLVUy_4oMzW97JfyucKs0ZU3AjEHZslOlB2GBoUurBN0ybuxBzCjQCO1U14zRGsrVN35igQw_VeSgY4y3hQ==',12/8/1975 0:00,M,M,2/8/2003 0:00,<function SecurePII.to_hash.<locals>.<lambda>.<locals>.<lambda> at 0x00000147B0A6A830>,huangbryan@example.org
188,190,26,Robert,J,Rounthwaite,Production Technician - WC45,b'gAAAAABjUQoGeil4x4gNYoORk5i0nEAhnEnvRdFazycYXPv0lC3NzGZZjaD7WyXl-WzyvY3x-RIa6-49VIdgco4NjeiQCXA_WQ==',4/1/1979 0:00,S,M,3/6/2003 0:00,<function SecurePII.to_hash.<locals>.<lambda>.<locals>.<lambda> at 0x00000147B0A6A8C0>,anthony59@example.com
189,143,26,Krishna,,Sunkammurali,Production Technician - WC20,b'gAAAAABjUQoGhDWK8MQYyJYCevXfpzdvJBtCPXgJfsMmfY2RLFmlDOv-je_dzopsluS_QY1-9KInww6IdMTQ9EXhw5CnBYENYw==',10/6/1965 0:00,S,M,3/16/2004 0:00,<function SecurePII.to_hash.<locals>.<lambda>.<locals>.<lambda> at 0x00000147B0A6A950>,marcus08@example.org
190,247,249,Janet,L,Sheperdigian,Accounts Payable Specialist,b'gAAAAABjUQoGTYeekxRU7zhG6QTb2oP-HNsaW38uER4iUnpLNweKbfQKw5lF2JWVPJjk9eLHMCeVIX2exguVgi8ej0IEvf0Lmw==',4/9/1973 0:00,M,F,4/2/2003 0:00,<function SecurePII.to_hash.<locals>.<lambda>.<locals>.<lambda> at 0x00000147B0A6A9E0>,valdezlaura@example.org
191,76,26,Carol,M,Philips,Production Technician - WC30,b'gAAAAABjUQoGNoa85jPhISRvgSat1mFfkrwb2Tx4evmM4l9_8f4aU2Js_pOGcOi2R6gBXZJRwmXmkZtF18O3TkDycX6MIYVbIw==',11/18/1982 0:00,M,F,3/16/2003 0:00,<function SecurePII.to_hash.<locals>.<lambda>.<locals>.<lambda> at 0x00000147B0A6AA70>,kennedyfrancisco@example.net
192,137,26,Anibal,T,Sousa,Production Technician - WC20,b'gAAAAABjUQoG8rzRbZwJzPeAviKED9dpR4Dt7Kg22YqPOud3nqlcdg0arlmYprPjO-zVNKT-dloFqSXu8umvR69DzZHXYEOwlw==',10/6/1968 0:00,S,F,3/27/2003 0:00,<function SecurePII.to_hash.<locals>.<lambda>.<locals>.<lambda> at 0x00000147B0A6AB00>,jessicarodgers@example.com
193,234,1,Laura,F,Norman,Chief Financial Officer,b'gAAAAABjUQoGwLXNhDQ2d-DzVAmQ-cz2p1eFiysT9rL_kABiYQaFfbxcQDnSTZqbHwDODntb23sebfbMtIjI0b4psOsVWC7tog==',2/6/1970 0:00,M,F,3/4/2003 0:00,<function SecurePII.to_hash.<locals>.<lambda>.<locals>.<lambda> at 0x00000147B0A6AB90>,qvillarreal@example.com
194,20,16,Wanida,M,Benshoof,Marketing Assistant,b'gAAAAABjUQoGCt9g_XNQsE0zQgJ-FUBbfv2NLuyALgyL05rg9FUCP5xZpObPsuqiVv4VYfAsOeIcYNDct3eM2Hd6mtEod8stKA==',4/17/1969 0:00,M,F,2/7/2005 0:00,<function SecurePII.to_hash.<locals>.<lambda>.<locals>.<lambda> at 0x00000147B0A6AC20>,adampatel@example.net
195,159,26,Terrence,W,Earls,Production Technician - WC20,b'gAAAAABjUQoG6NfYoz99R0ZpOtX3tmOe7_Fv1Qq4TS0erj8--Qi1K4Hx7A2HOXjtuTZ4hDEOi5fnvwYj2GxznTEcEI6TLR3ZTQ==',1/9/1979 0:00,S,M,3/20/2003 0:00,<function SecurePII.to_hash.<locals>.<lambda>.<locals>.<lambda> at 0x00000147B0A6ACB0>,amandamoore@example.net
196,7,25,Dylan,A,Miller,Research and Development Manager,b'gAAAAABjUQoGKexg37Z_-va8SbkPCt200W9McnF4B3ylxEVGO9lwRXNfp_gXM9HH9G9kyXfxHb3gWIdrrkfyQMUekAmJUdimSg==',3/27/1981 0:00,M,M,3/12/2003 0:00,<function SecurePII.to_hash.<locals>.<lambda>.<locals>.<lambda> at 0x00000147B0A6AD40>,woodwardjames@example.net
197,139,26,Hung-Fu,T,Ting,Production Technician - WC20,b'gAAAAABjUQoGoytwNjd_AzTYiT0D-51s5KgR3jmLS0I_36kO4wrD6YJdf1cgDXy2dVK7CqQc6FS_Znfg3WK5Q8AkKOf5PR8F1A==',11/23/1965 0:00,S,M,2/7/2004 0:00,<function SecurePII.to_hash.<locals>.<lambda>.<locals>.<lambda> at 0x00000147B0A6ADD0>,crawfordkenneth@example.org
198,40,26,JoLynn,M,Dobney,Production Supervisor - WC60,b'gAAAAABjUQoGnmNcrDkfyUa4RXB0qabCKem2aKkVcS6-sq17qF_2Sp_CCZDKlm1HBQ5evgZuuZ7gaX8oH6N2Kt-0pcbk-4VdMQ==',2/16/1950 0:00,S,F,1/26/2002 0:00,<function SecurePII.to_hash.<locals>.<lambda>.<locals>.<lambda> at 0x00000147B0A6AE60>,bennettjuan@example.org
199,193,26,Alejandro,E,McGuel,Production Technician - WC40,b'gAAAAABjUQoGwkhfbgr2v1fXw95M2GFiBudiwOWIsEHF4f5XMMKGO1isRiMClHjQNEOeP2Sx3gGTPYuaygXFEHyJ7xxX2MQ_Xg==',1/6/1983 0:00,S,M,1/7/2003 0:00,<function SecurePII.to_hash.<locals>.<lambda>.<locals>.<lambda> at 0x00000147B0A6AEF0>,mark75@example.org
200,183,26,Barbara,S,Decker,Production Technician - WC20,b'gAAAAABjUQoG55aktIJc5ve8U6Q3uw7lM3-AIdpBsrRXSTWM_zMY5gHiCt_1S15AhXLPL75BD80sLNLs0VjKb1zQnAzVFzxT7g==',8/2/1973 0:00,M,F,2/23/2003 0:00,<function SecurePII.to_hash.<locals>.<lambda>.<locals>.<lambda> at 0x00000147B0A6AF80>,wrighteric@example.net
201,15,25,Sharon,B,Salavaria,Design Engineer,b'gAAAAABjUQoGbDsb5-Xz8V-Ew7jHRFaBSZMj0mZYIcRNcuXlRpY9xydjcfiyHqBO7UMNwAPJP6R6fjMIU32SatMZvBo1QObXhQ==',6/3/1955 0:00,M,F,2/18/2005 0:00,<function SecurePII.to_hash.<locals>.<lambda>.<locals>.<lambda> at 0x00000147B0A6B010>,robert74@example.org
202,87,26,Cristian,K,Petculescu,Production Supervisor - WC10,b'gAAAAABjUQoGL773io2eYiHEhSG0SUxuuVsoyFgHRn7olq-g5H-S-fO3cCDprroVFHsmABTleyKyp60adccu6jcDZDmGx6udrg==',5/13/1978 0:00,M,M,1/23/2003 0:00,<function SecurePII.to_hash.<locals>.<lambda>.<locals>.<lambda> at 0x00000147B0A6B0A0>,bparker@example.net
203,142,26,Olinda,C,Turner,Production Technician - WC20,b'gAAAAABjUQoGzvhVI_WDlOlLJIrsZ9q-MFUD3g6CFjaY-Tw6WUObfMIA-XpMV8hv37UjGszBRhJZ2inVykSL1yVQAgrpPx8lsw==',5/5/1964 0:00,S,F,4/4/2004 0:00,<function SecurePII.to_hash.<locals>.<lambda>.<locals>.<lambda> at 0x00000147B0A6B130>,christopher24@example.com
204,201,26,Brian,T,Lloyd,Production Technician - WC40,b'gAAAAABjUQoGAlwSqNKyJWLBEK2U66D2oPc7sC58j3nIT9B2ad8FftLFfJeF6iMKZx5F_vSSvxsiLatLBDNyip2FdupZh27jBw==',3/14/1971 0:00,S,M,3/2/2003 0:00,<function SecurePII.to_hash.<locals>.<lambda>.<locals>.<lambda> at 0x00000147B0A6B1C0>,annabarajas@example.net
205,128,26,Paul,B,Komosinski,Production Technician - WC40,b'gAAAAABjUQoGyThe-Lzw7kDO71mAXgAfiS1l0oKC2bRBUXv7alkQSP0vOV-2PIeBK5zY_6ftwYdI3T_YZm1vdjWCjzMD2wqkdA==',12/15/1974 0:00,S,M,1/5/2003 0:00,<function SecurePII.to_hash.<locals>.<lambda>.<locals>.<lambda> at 0x00000147B0A6B250>,thomas10@example.net
206,153,26,Hanying,P,Feng,Production Technician - WC20,b'gAAAAABjUQoGEW8QWT_xDwcwAy2Z0vEpxcXMn_lvh3QAC83JQbPkSUuYsZ-AwZD1netUqSv0Diav8EHhxkIxO8Vc8-oI_aN-7w==',11/16/1968 0:00,S,M,1/17/2003 0:00,<function SecurePII.to_hash.<locals>.<lambda>.<locals>.<lambda> at 0x00000147B0A6B2E0>,glen34@example.org
207,45,26,Thomas,R,Michaels,Production Technician - WC60,b'gAAAAABjUQoGrQmDADOe75EVGOckiENeP2bEG3sZ84Qz1V4gdZbh47Klhtnu9SI2b5jKM0N8H_Ytx6CVb_Ks5cS4n1DH7JjzWw==',2/11/1980 0:00,M,M,3/30/2003 0:00,<function SecurePII.to_hash.<locals>.<lambda>.<locals>.<lambda> at 0x00000147B0A6B370>,dannymcdowell@example.net
208,141,26,Min,G,Su,Production Technician - WC20,b'gAAAAABjUQoGJIWhDX2E9iRABIJ2mR5vBRVDmW_GFSj1SRBpiAAyTasptzXpDjYGM5ceDoJFBgED24EMSTqZm1Mcp_A-e-nuJA==',10/11/1968 0:00,M,M,2/25/2004 0:00,<function SecurePII.to_hash.<locals>.<lambda>.<locals>.<lambda> at 0x00000147B0A6B400>,masoncharles@example.com
209,208,26,Scott,R,Gode,Production Technician - WC45,b'gAAAAABjUQoGC7p6IFToRAuCwi69hUZfo_KHeJ30GA6olCM1ioHLdLuJ3gAtPvZcJaU6y5Yo-EK9Hvbrqw18GrsEeGZxNvCgUw==',3/13/1981 0:00,M,M,2/9/2003 0:00,<function SecurePII.to_hash.<locals>.<lambda>.<locals>.<lambda> at 0x00000147B0A6B490>,lpeterson@example.net
210,264,263,Stephanie,A,Conroy,Network Manager,b'gAAAAABjUQoGCJSkWW1_CweF4a3ZUOlwxZlBtC6fpkXfVMmDQmNkJyFoGrttSQP4MM8iKPAXORhczZeE3bbmn_Pu37ey73lJTQ==',4/26/1978 0:00,S,F,3/8/2003 0:00,<function SecurePII.to_hash.<locals>.<lambda>.<locals>.<lambda> at 0x00000147B0A6B520>,tracie12@example.net
211,58,26,Kendall,C,Keil,Production Technician - WC50,b'gAAAAABjUQoGd1JKc91HD3n-_xe9xePY4zaqzGQGrwf7ZiCdpIe9k9wKCnvA1KxS4rs_2lM8TBpvKUz5198ve_LHHuE-B2vPnw==',6/30/1980 0:00,M,M,1/6/2003 0:00,<function SecurePII.to_hash.<locals>.<lambda>.<locals>.<lambda> at 0x00000147B0A6B5B0>,juanray@example.org
212,285,273,Syed,E,Abbas,Pacific Sales Manager,b'gAAAAABjUQoGxc_3wMkXrKTfpDx3l2wyU8o-98VlhLvxBVwUgllOpZ1rvH6suesHubHvxnlLMojvzQhnbFZet5FHQti442FtRA==',2/11/1969 0:00,M,M,4/15/2007 0:00,<function SecurePII.to_hash.<locals>.<lambda>.<locals>.<lambda> at 0x00000147B0A6B640>,paula57@example.org
213,64,26,Michael,J,Zwilling,Production Technician - WC60,b'gAAAAABjUQoG5Ucb8D4qBg8gpCLtST2VJlloHoz13gpZe_8n7wRrjM0yLJlNR0hvEeNNcCDH05jDMWcMsMXn99i7qGumqFNPdQ==',10/7/1967 0:00,S,M,3/26/2004 0:00,<function SecurePII.to_hash.<locals>.<lambda>.<locals>.<lambda> at 0x00000147B0A6B6D0>,millermegan@example.com
214,2,1,Terri,Lee,Duffy,Vice President of Engineering,b'gAAAAABjUQoGc3DtUsU2RoC2LBwuVaG40M1hYAHDrxkOHT9kPBFDvxheH4SEd-7ZZqW05kpky4bNTDTdGRwd0ub9o-J7CjEifw==',9/1/1965 0:00,S,F,3/3/2002 0:00,<function SecurePII.to_hash.<locals>.<lambda>.<locals>.<lambda> at 0x00000147B0A6B760>,bennettashley@example.com
215,195,26,Kevin,H,Liu,Production Technician - WC40,b'gAAAAABjUQoGdJ9JDsa0_xTBTD9W9HdjQ7QEvcq5LiPDMi--XbJyzCOhAba2L1sLDjG_TVCMyY5U0yCkvzxFaPw5lp5zvjhENQ==',1/26/1980 0:00,S,M,1/18/2003 0:00,<function SecurePII.to_hash.<locals>.<lambda>.<locals>.<lambda> at 0x00000147B0A6B7F0>,adam77@example.org
216,94,26,Russell,,Hunter,Production Technician - WC50,b'gAAAAABjUQoGSG66LpFzNIQXvxxO__cgJZMLJaZf7IH1o4IcBfs9GcH_B4RNBtbqCX2FYcLcwtSwLQZEEJBYgrSg1qWvw1WqjQ==',12/27/1966 0:00,M,M,1/13/2003 0:00,<function SecurePII.to_hash.<locals>.<lambda>.<locals>.<lambda> at 0x00000147B0A6B880>,murphylisa@example.com
217,242,249,Deborah,E,Poe,Accounts Receivable Specialist,b'gAAAAABjUQoGIXSPtZqQbtaUfwekyapARAskZUXBCKuttJjT5Jb9fl8THTXadwYFSFn4XIOKz3fL0aBdjNSASseuQrpNiplj1A==',4/7/1970 0:00,M,F,1/19/2003 0:00,<function SecurePII.to_hash.<locals>.<lambda>.<locals>.<lambda> at 0x00000147B0A6B910>,james50@example.org
218,237,235,Hao,O,Chen,Human Resources Administrative Assistant,b'gAAAAABjUQoGPW4F-1ZVRcbKZtnYPRsB6TZA-fKp1oQU2ZXdgVsE-FyhKW49qKMlN03YT6_dJ2PhNH1cBdXpEqVEVmIfRtfLsg==',5/19/1971 0:00,S,M,3/10/2003 0:00,<function SecurePII.to_hash.<locals>.<lambda>.<locals>.<lambda> at 0x00000147B0A6B9A0>,butlerashley@example.com
219,157,26,Linda,A,Randall,Production Technician - WC20,b'gAAAAABjUQoG20fYJJc1rSRY57OH3oUSK9bIzZlHGjpaCjsU29H1bR00IiVh5j_mUPJbszTedGowwptR0ubmhP0woJndddOxMw==',11/6/1971 0:00,S,F,3/7/2003 0:00,<function SecurePII.to_hash.<locals>.<lambda>.<locals>.<lambda> at 0x00000147B0A6BA30>,lnewman@example.com
220,28,26,Guy,R,Gilbert,Production Technician - WC60,b'gAAAAABjUQoGpaVTe1N8FBmxnwE5sxocZLTw7BfPr6IuwNb2ZQNO6UAL4K1al4XpRy_GOAsEdITk2GqqyWA4tleGIXJ_eewOgg==',5/15/1976 0:00,M,M,7/31/2000 0:00,<function SecurePII.to_hash.<locals>.<lambda>.<locals>.<lambda> at 0x00000147B0A6BAC0>,flowe@example.com
221,191,26,Lionel,C,Penuchot,Production Technician - WC45,b'gAAAAABjUQoGf5HSKBwti7u-Xb2gV8HsHte7ehHOx9OjkSwZucWT1MQnSqbTS5TUy_VLKKldpL8k8aEV0g4axi3t42eW7tz0Gw==',4/15/1982 0:00,S,M,3/30/2003 0:00,<function SecurePII.to_hash.<locals>.<lambda>.<locals>.<lambda> at 0x00000147B0A6BB50>,adrianaolsen@example.com
222,273,1,Brian,S,Welcker,Vice President of Sales,b'gAAAAABjUQoGISqzs7e-c4vRJl8f0-e0tOSgHgCuXYmvmqaNFZ7h8w07yhb_vril6DF0yv-Olcl67Wcm3BWl9lR1djMHLHZ0Bw==',7/8/1971 0:00,S,M,3/18/2005 0:00,<function SecurePII.to_hash.<locals>.<lambda>.<locals>.<lambda> at 0x00000147B0A6BBE0>,ortizcole@example.net
223,9,25,Gigi,N,Matthew,Research and Development Engineer,b'gAAAAABjUQoGnier5UQzJl_9udqe_l5ijR9oKNpIHHr4lkDtWFrF-nh1ZPOZ8Jtv0EvlgOVU97QQWgHNa3YYiwm3IL2PXCAkHg==',2/21/1973 0:00,M,F,2/17/2003 0:00,<function SecurePII.to_hash.<locals>.<lambda>.<locals>.<lambda> at 0x00000147B0A6BC70>,xvargas@example.net
224,43,26,Nancy,A,Anderson,Production Technician - WC60,b'gAAAAABjUQoGKS9y-DgM7_15ar-Zo3lk1cN8IfwEkz93l-MVXc1fFF5BctW4nmXkXGd9EGr8oY9WnRni99BSxPv2NExPfxZUmQ==',12/21/1982 0:00,M,F,2/3/2003 0:00,<function SecurePII.to_hash.<locals>.<lambda>.<locals>.<lambda> at 0x00000147B0A6BD00>,james12@example.com
225,33,26,Annik,O,Stahl,Production Technician - WC60,b'gAAAAABjUQoG1_H2rruyhobYILpq4nN3zpNcXPSrSdZadz9LVopbYbmT7je26V-bSsu1a7ie-oofkZl5bYGrQVeFq9rBBVbSww==',1/27/1971 0:00,M,M,1/18/2003 0:00,<function SecurePII.to_hash.<locals>.<lambda>.<locals>.<lambda> at 0x00000147B0A6BD90>,denisethompson@example.com
226,17,16,Kevin,F,Brown,Marketing Assistant,b'gAAAAABjUQoGhqjq4qmzLqggPa1UYOJbHYy5NF1FWOgjL5VGCkXbiryFL1ZSvPqpMVC5DimuF0Fx7xOaM-i7F4XCt4TbIq1qUQ==',6/3/1981 0:00,S,M,2/26/2001 0:00,<function SecurePII.to_hash.<locals>.<lambda>.<locals>.<lambda> at 0x00000147B0A6BE20>,lindsay14@example.net
227,136,26,Sylvester,A,Valdez,Production Technician - WC20,b'gAAAAABjUQoGtvqLgB3p_qeJQkVr-E6tMcnY34HfB0rml0kr43M-Jqfwl_GkdagiTUoJL1m76U3HU0vl8VvKSxhGnZayz2WGow==',12/13/1964 0:00,M,M,1/12/2004 0:00,<function SecurePII.to_hash.<locals>.<lambda>.<locals>.<lambda> at 0x00000147B0A6BEB0>,hschroeder@example.com
228,173,26,Eugene,R,Zabokritski,Production Technician - WC30,b'gAAAAABjUQoGOGyCh49M4VKL5kGikTD4P3EejhlXeRm_4pRpn0ZyQlwrWrwAijOg4ulrkzy69F58txcyWBsG5cC25uq-5SA49g==',8/15/1981 0:00,S,M,2/22/2003 0:00,<function SecurePII.to_hash.<locals>.<lambda>.<locals>.<lambda> at 0x00000147B0A6BF40>,brendan55@example.com
229,216,25,Sean,P,Alexander,Quality Assurance Technician,b'gAAAAABjUQoG_FiSgrwCl-5Svh062Z9XDphGC4ALcC8zh5kgcHJokfYKLriMj9pBoHGa4Q8FW7MSBQV3knRn2z9Xa5GNCGKfTA==',4/7/1970 0:00,S,M,1/29/2003 0:00,<function SecurePII.to_hash.<locals>.<lambda>.<locals>.<lambda> at 0x00000147B0A70040>,zroberts@example.com
230,277,274,Jillian,,Carson,Sales Representative,b'gAAAAABjUQoGOBGwSpObuMRS_gNAYY3WuJU-U-NsLUGYGIqGummzhrVr-o6yy7-m_IoBqjDUTb-7pBFSO8B6w6TTUz5WtDR_jw==',9/29/1956 0:00,S,F,7/1/2005 0:00,<function SecurePII.to_hash.<locals>.<lambda>.<locals>.<lambda> at 0x00000147B0A700D0>,ryan27@example.org
231,35,26,Brandon,G,Heidepriem,Production Technician - WC60,b'gAAAAABjUQoGO37QWLaStR15pTXxIYrYDUGMZcXBbBS-50snpz5vMD0wklA0LI3MtsAZu5WgoCZi2Ifywvn3n8PEQUGyQHgUHQ==',2/11/1971 0:00,M,M,3/12/2003 0:00,<function SecurePII.to_hash.<locals>.<lambda>.<locals>.<lambda> at 0x00000147B0A70160>,karendodson@example.net
232,228,227,Christian,E,Kleinerman,Maintenance Supervisor,b'gAAAAABjUQoGPirYQFuHKqJzRy3KGvYdHtl3hXn8moeBwLAF8QX5K5wU2K_AiEUC-BlFPIrEuxTcSvMJ8GNfbvuA_GckoAKlhg==',2/18/1970 0:00,M,M,1/15/2003 0:00,<function SecurePII.to_hash.<locals>.<lambda>.<locals>.<lambda> at 0x00000147B0A701F0>,gary18@example.org
233,223,25,Sairaj,L,Uddin,Scheduling Assistant,b'gAAAAABjUQoG24vOm24_5OMxbWf7hu1Q2KcUdhwKRpg-Xpm13xDh9pNu9HJZpL-COCMsbXiV0TtekC_lg0Z5uutbTYEQ5w--gw==',1/22/1982 0:00,M,M,2/27/2003 0:00,<function SecurePII.to_hash.<locals>.<lambda>.<locals>.<lambda> at 0x00000147B0A70280>,yyoung@example.net
234,100,26,Lolan,B,Song,Production Technician - WC50,b'gAAAAABjUQoGY6vnpFF6wYJI4uC4H6oIHgWA1WEUixHyc5w4jK0m9w-kKOgqOF4e0hElh1EgV4HCCZXPBOMK3hABsQUli2ELNQ==',2/25/1967 0:00,M,M,2/13/2003 0:00,<function SecurePII.to_hash.<locals>.<lambda>.<locals>.<lambda> at 0x00000147B0A70310>,michael58@example.org
235,275,274,Michael,G,Blythe,Sales Representative,b'gAAAAABjUQoGOGDwtiu-iFzjdip-Jl5qmzQGcIxgPiGnFasYE4JzFnhhxRfZUu3vrdjOf3KPvLa772uSTLWkzTvzgy5ek10Lgg==',1/26/1963 0:00,S,M,7/1/2005 0:00,<function SecurePII.to_hash.<locals>.<lambda>.<locals>.<lambda> at 0x00000147B0A703A0>,jwhite@example.com
236,85,26,Brian,Richard,Goldstein,Production Technician - WC40,b'gAAAAABjUQoG53SYpIsmLu9uQFkOHC5Ygp2TpcwKa6IZRAhaFwKc_AItK8BFrTin8PdtRH35ospCCyghHyJZlM3cKVmbqGmkUA==',1/23/1965 0:00,S,M,1/12/2004 0:00,<function SecurePII.to_hash.<locals>.<lambda>.<locals>.<lambda> at 0x00000147B0A70430>,wpark@example.org
237,61,26,Diane,H,Tibbott,Production Technician - WC50,b'gAAAAABjUQoGFPbi1H2ExjLDKsfmkox29dhJdyoi68bHa2LNL7FxyZ_Vme_5l_spIxBpguoDLVAZUbVCVE9e3XeJtibqVQTtNg==',9/10/1983 0:00,S,F,2/19/2003 0:00,<function SecurePII.to_hash.<locals>.<lambda>.<locals>.<lambda> at 0x00000147B0A704C0>,davidcrawford@example.net
238,106,26,John,T,Kane,Production Technician - WC10,b'gAAAAABjUQoGErfWEeXuVyBR5YBxkSFw-VEOwwgfuwxR_RZEG_5tTCzVotw9reVps1ggAXgOt1nKXrCqNDXgsIFZDntCrSAEWQ==',10/29/1980 0:00,S,M,3/30/2004 0:00,<function SecurePII.to_hash.<locals>.<lambda>.<locals>.<lambda> at 0x00000147B0A70550>,jessicamolina@example.net
239,200,26,Frank,T,Lee,Production Technician - WC40,b'gAAAAABjUQoGJZgRNnJ6Fqe_DlVH-MgPhwt89gdQYKhZNNXSvwVt5yCo9xaWKDhK4fKhgLhUe__s3DevmOtF_gmWGPwqPa-jpg==',10/7/1981 0:00,M,M,2/18/2003 0:00,<function SecurePII.to_hash.<locals>.<lambda>.<locals>.<lambda> at 0x00000147B0A705E0>,eweaver@example.com
240,279,274,Tsvi,Michael,Reiter,Sales Representative,b'gAAAAABjUQoG4s0eJenOt-dEnYaFXhAmroUhZRQ9WF8hO-v49KKIZDdH_9K9_L5EKmwR3Bi_Dgqjaz1zxW-wg63wCDz695FfMQ==',2/19/1968 0:00,M,M,7/1/2005 0:00,<function SecurePII.to_hash.<locals>.<lambda>.<locals>.<lambda> at 0x00000147B0A70670>,morgancorey@example.org
241,146,26,Jian Shuo,,Wang,Production Technician - WC30,b'gAAAAABjUQoGW7eIjNPF3nX4s4A7VNdtVni28r43jTKojMQDcKB6bWKzYKAR6uDYBIgaEJsH3Z2A5T9VNIMVw01-uHgbZq0wKw==',8/27/1977 0:00,S,M,1/8/2003 0:00,<function SecurePII.to_hash.<locals>.<lambda>.<locals>.<lambda> at 0x00000147B0A70700>,andrew40@example.com
242,103,26,Ebru,N,Ersan,Production Technician - WC10,b'gAAAAABjUQoGQ2mtIdHHeARG2LypbrwpcMPn51vzuO3KqxTCmc8IWBwl4XnrnSuTQEejZJMXtlCfj9S4kpWNY8pFzuEv3gxEZA==',10/23/1980 0:00,S,M,1/7/2004 0:00,<function SecurePII.to_hash.<locals>.<lambda>.<locals>.<lambda> at 0x00000147B0A70790>,kristenreyes@example.net
243,73,26,Carole,M,Poland,Production Technician - WC30,b'gAAAAABjUQoGlsMQwtN55OWi9xJaac4ajX4w0A8Twp-qzB-L2SjJ7bNdnDP1nvH7YgzzyaZMjZFz1hhU-nLMYiBmdikMV4It5g==',11/19/1977 0:00,M,F,1/20/2003 0:00,<function SecurePII.to_hash.<locals>.<lambda>.<locals>.<lambda> at 0x00000147B0A70820>,lanekenneth@example.com
244,185,26,Stefen,A,Hesse,Production Technician - WC20,b'gAAAAABjUQoGsvqGS83Co27rPn4H3RjjO-LEYK5SvYRfjWxrRYHaTMi7QUFZxaEsSMVgDiDqxCLgnkLlW6V3hYN-Y5WQDzCb_A==',1/21/1970 0:00,S,M,4/1/2003 0:00,<function SecurePII.to_hash.<locals>.<lambda>.<locals>.<lambda> at 0x00000147B0A708B0>,tcollins@example.org
245,37,26,Chris,O,Okelberry,Production Technician - WC60,b'gAAAAABjUQoGXzaAOeqbyuTnOrwGogqDVbGHDUJy-1QePZEshkmqbq1dAxzSqLcZHwX5VrjWsVJj6n9j7zFflohlAblBSmzDgw==',9/7/1980 0:00,S,M,4/8/2003 0:00,<function SecurePII.to_hash.<locals>.<lambda>.<locals>.<lambda> at 0x00000147B0A70940>,russellpaula@example.com
246,215,25,Mark,L,Harrington,Quality Assurance Technician,b'gAAAAABjUQoGBPNhXz9DFQ_pTyrqHkAzIDHp2v8JLJdVybZHMJIiWosGWyhfo1lt4ag0-jkZt5Qfz5eZmCD9pTVTSFR68szLpQ==',5/31/1980 0:00,S,M,2/16/2003 0:00,<function SecurePII.to_hash.<locals>.<lambda>.<locals>.<lambda> at 0x00000147B0A709D0>,nguyendouglas@example.com
247,179,26,Jan,S,Miksovsky,Production Technician - WC30,b'gAAAAABjUQoGIpekMX1TuU6Hl78sjC8fq7SKfqDqVceWXPLCnK62kW4lNCwKOkAa1wgzgRH1TA54hivd7kJR5rKZE8TXrAHr-w==',12/16/1968 0:00,S,M,4/6/2003 0:00,<function SecurePII.to_hash.<locals>.<lambda>.<locals>.<lambda> at 0x00000147B0A70A60>,gutierrezbradley@example.net
248,91,26,Kimberly,B,Zimmerman,Production Technician - WC10,b'gAAAAABjUQoGE1Qsid6iCcC_pv0NAh7R17mQgR8QxGaciM7JZLmVlROlSnsAIXmGoUT7UtYC9VY_xf19Nuxj9x0d9ajiWdl4PQ==',10/14/1980 0:00,S,F,2/13/2004 0:00,<function SecurePII.to_hash.<locals>.<lambda>.<locals>.<lambda> at 0x00000147B0A70AF0>,wchavez@example.org
249,21,16,Terry,J,Eminhizer,Marketing Specialist,b'gAAAAABjUQoGB97J9b0lFLbCT_KTPJJL5ek22nDyyvlESnA8oxttXca5y-0t5WVm82Xf-vtFGMYsVFmG6rHl3S5SI9M9jcVQrg==',3/7/1980 0:00,M,M,4/3/2003 0:00,<function SecurePII.to_hash.<locals>.<lambda>.<locals>.<lambda> at 0x00000147B0A70B80>,smithmorgan@example.net
250,207,26,Greg,F,Alderson,Production Technician - WC45,b'gAAAAABjUQoGo1Tt9YgB7zB1QEw5b2IG_XPtqjfJEx1HQ2jT11teWStnKxB4JCDvCZw-UY_Hp6xKl8J9-2dFwmmiJ-a6zfcH8w==',11/18/1964 0:00,S,M,1/3/2003 0:00,<function SecurePII.to_hash.<locals>.<lambda>.<locals>.<lambda> at 0x00000147B0A70C10>,ebarr@example.net
251,82,26,Jack,T,Creasey,Production Technician - WC40,b'gAAAAABjUQoGwr9vPjw2sv6HMIdBRStRrS_lrss8IuzGPZhZsBUxtZWUpIVugM_dou3MbzNtvw8PrDPRnkSDDCOuLG_p0cmC8A==',9/30/1967 0:00,S,M,4/3/2004 0:00,<function SecurePII.to_hash.<locals>.<lambda>.<locals>.<lambda> at 0x00000147B0A70CA0>,tsmith@example.net
252,254,250,Fukiko,J,Ogisu,Buyer,b'gAAAAABjUQoG9KVaOO7dH_3A0wrSSY9jgfxP5P2JatRQ0m79aedk1KuYP8awFhuqNJq5_kWmKvBpMKJt9lqviD7a0Zjg3Qzuzg==',12/25/1964 0:00,M,M,2/5/2004 0:00,<function SecurePII.to_hash.<locals>.<lambda>.<locals>.<lambda> at 0x00000147B0A70D30>,chad12@example.org
253,67,26,Jay,G,Adams,Production Technician - WC60,b'gAAAAABjUQoG7CR9vYwTo901wFw5sbjMrQAzFRjUEwTftvT1G6UYAY2rd7KLE5x5Wh-ifBWTMPr7bxdV9Rx33_BXb6ACNL_3nQ==',3/14/1970 0:00,S,M,4/6/2003 0:00,<function SecurePII.to_hash.<locals>.<lambda>.<locals>.<lambda> at 0x00000147B0A70DC0>,matthew83@example.net
254,262,234,David,M,Barber,Assistant to the Chief Financial Officer,b'gAAAAABjUQoG84skEqCFKoHjY-D4tZerN4elhoQXQjf4RJBOciJ9YQ8wVKjXXbm2CHnxhoLsLhyH-NHO4QyR2kpPREEwpkhA-w==',7/23/1958 0:00,S,M,2/13/2003 0:00,<function SecurePII.to_hash.<locals>.<lambda>.<locals>.<lambda> at 0x00000147B0A70E50>,jay94@example.org
255,53,26,Diane,R,Glimp,Production Technician - WC10,b'gAAAAABjUQoGBC3FCdS8L8dR38uxgMYmv2cbxR82kp8rE85xrAY3EGiQSivLtSZ2DBKDjKNQmyguFTiM1o17I58szQbQBXBmrQ==',4/30/1950 0:00,M,F,4/29/2002 0:00,<function SecurePII.to_hash.<locals>.<lambda>.<locals>.<lambda> at 0x00000147B0A70EE0>,kimberly60@example.com
256,282,274,José,Edvaldo,Saraiva,Sales Representative,b'gAAAAABjUQoGr2VsL0UW5cPZuFIOfwEx8tAyfnZIUxAoJixiIogSPxh3uyxj_cm65wzIsXh221qrNdbwXaRPjyQOllgzR5jUXg==',1/11/1958 0:00,M,M,10/1/2005 0:00,<function SecurePII.to_hash.<locals>.<lambda>.<locals>.<lambda> at 0x00000147B0A70F70>,yrivera@example.org
257,169,26,Susan,A,Metters,Production Technician - WC30,b'gAAAAABjUQoGpWJuS1wh3aw0XjEcQGu0KjCvhdIqoHuURaCU27ohnfYZBEc7YnWzTsnw8H_I-J75ttSVki-1c_60NiCBEnnptw==',5/3/1977 0:00,S,F,1/15/2003 0:00,<function SecurePII.to_hash.<locals>.<lambda>.<locals>.<lambda> at 0x00000147B0A71000>,douglas94@example.com
258,209,26,Kathie,E,Flood,Production Technician - WC45,b'gAAAAABjUQoG0jP_Ptncn4-UC_2TfBHgBmypZKnZychxqMaSwakaQ9jgZcnUXdpeD1tG6A9FgeDS4EUQyLr2kx9au_5KgE6Fvg==',12/2/1984 0:00,M,F,2/28/2003 0:00,<function SecurePII.to_hash.<locals>.<lambda>.<locals>.<lambda> at 0x00000147B0A71090>,james73@example.org
259,50,26,Sidney,M,Higa,Production Technician - WC10,b'gAAAAABjUQoGvIa1WrNJCWpP-SzQwB2SKRT9d293hjaB0p26RxDHEh4PKvNjK_TDK2pvKnd95ayM_-TW8mPxi4TqOkzziAvVrg==',10/1/1950 0:00,M,M,3/5/2002 0:00,<function SecurePII.to_hash.<locals>.<lambda>.<locals>.<lambda> at 0x00000147B0A71120>,olsensusan@example.net
260,222,25,A.  Scott,,Wright,Master Scheduler,b'gAAAAABjUQoGM6CG4oqwvyJ1xcLeVkVBeC2GlS7b8G2ip4VvMsGAJUHTVSnhwyWSZ_KZKckz7kf4B8XRMfEdOQX9SyzukXvJGA==',10/19/1962 0:00,S,M,1/13/2003 0:00,<function SecurePII.to_hash.<locals>.<lambda>.<locals>.<lambda> at 0x00000147B0A711B0>,aimee55@example.net
261,70,26,David,J,Ortiz,Production Technician - WC60,b'gAAAAABjUQoG-p7vIVa3A5D39oyFWnSuxE9xSHac83IyKbd7Q05uvnIzr66bkH_NIm6I6cGBIXz_IX7Nys2Q7yg9w24NybJ_Tw==',1/30/1979 0:00,M,M,1/16/2003 0:00,<function SecurePII.to_hash.<locals>.<lambda>.<locals>.<lambda> at 0x00000147B0A71240>,joseph69@example.com
262,219,25,Sean,N,Chai,Document Control Assistant,b'gAAAAABjUQoGbIXAEgsD3tfE68-KiizgZ1C2-ZCG1DnduyiqDHvimAo7BV8n88QdDB84wlUQnSiLcZ38lRQ2niOsRO9XdSEKwQ==',4/12/1981 0:00,S,M,2/23/2003 0:00,<function SecurePII.to_hash.<locals>.<lambda>.<locals>.<lambda> at 0x00000147B0A712D0>,darlenewest@example.org
263,148,26,Jason,M,Watters,Production Technician - WC30,b'gAAAAABjUQoGCiUaXLR-EtpYmTm1sioByVBP03yvrCp2QQwFvvnZKva65WDYSlZzPKt1M1EgKGYcv8tRbg7GXSmC3eilUoSQkg==',1/8/1983 0:00,S,M,2/15/2003 0:00,<function SecurePII.to_hash.<locals>.<lambda>.<locals>.<lambda> at 0x00000147B0A71360>,leah57@example.com
264,140,26,Prasanna,E,Samarawickrama,Production Technician - WC20,b'gAAAAABjUQoG3JR-zj1_bKCc_kOpyYGXrxemFIECJe-7uhf4dMzREk4YqiXujx5LPI5O0IIjhaI5XQcOCnIi2UuO9ajQuQXIiw==',6/1/1947 0:00,M,M,2/23/2004 0:00,<function SecurePII.to_hash.<locals>.<lambda>.<locals>.<lambda> at 0x00000147B0A713F0>,campbellchristine@example.net
265,290,287,Ranjit,R,Varkey Chudukatil,Sales Representative,b'gAAAAABjUQoGifojtiirBpFBbqPc1da6eCXdj-7y6GgIkTTJs_DszBT2dYZNH5TUPBG03UgNZk3eURmofZmAx6wDETeyvrKOKw==',10/31/1969 0:00,S,M,7/1/2006 0:00,<function SecurePII.to_hash.<locals>.<lambda>.<locals>.<lambda> at 0x00000147B0A71480>,erin96@example.org
266,5,25,Gail,A,Erickson,Design Engineer,b'gAAAAABjUQoGXGtfRMbwEajXKV8DFyibmcCs4qr4MD9wFHOopYqXdCTTxydJ30kr2wS2YZMiaUaMP7fwQ-NbsebMAPlzJ5wCxw==',10/29/1946 0:00,M,F,2/6/2002 0:00,<function SecurePII.to_hash.<locals>.<lambda>.<locals>.<lambda> at 0x00000147B0A71510>,barrettjulia@example.org
267,252,250,Arvind,B,Rao,Buyer,b'gAAAAABjUQoGmA_HRvUDoepQpKwP4g9KW9NnSbSrYzWrOd73WqPAUAv9-RmsAstMF5aeHlAVENqvkw-B_yH-qcp39oMQxkckGw==',9/21/1968 0:00,M,M,4/1/2003 0:00,<function SecurePII.to_hash.<locals>.<lambda>.<locals>.<lambda> at 0x00000147B0A715A0>,justin73@example.net
268,266,263,Peter,I,Connelly,Network Administrator,b'gAAAAABjUQoGj9PqI4c-MxrdnlHm_zTaAhAogdUAe-a-LWy2q7q1UsuKAAeeBTOS7GMw2GaDARxoUNcfguLAlzryE1YOpXSMMg==',6/29/1974 0:00,S,M,3/27/2003 0:00,<function SecurePII.to_hash.<locals>.<lambda>.<locals>.<lambda> at 0x00000147B0A71630>,calderonian@example.com
269,233,227,Magnus,E,Hedlund,Facilities Administrative Assistant,b'gAAAAABjUQoGPtizpOZrukDtwoYy7YXyPQgo1R8WS1AGDVKw_a5iCdWFa_xHpE8n_oJkj-WgArd7vDO5fOxgSToT1neeW6ndvw==',9/27/1965 0:00,M,M,1/22/2004 0:00,<function SecurePII.to_hash.<locals>.<lambda>.<locals>.<lambda> at 0x00000147B0A716C0>,marksmith@example.net
270,83,26,Patrick,M,Cook,Production Technician - WC40,b'gAAAAABjUQoGiWAiJe1jFJK2t_ioSvhjT7mnzcttzbzximm2_dHQJip_VX8wMJr3ndAVen6rfBEG7xRHHqTxQb0HYdA6m7s22Q==',1/24/1968 0:00,M,M,3/15/2004 0:00,<function SecurePII.to_hash.<locals>.<lambda>.<locals>.<lambda> at 0x00000147B0A71750>,carrie99@example.org
271,251,250,Mikael,Q,Sandberg,Buyer,b'gAAAAABjUQoGR-AvT2bQD0eOJBZ1142RGR0Fq9_aVZMQd94aB-ysc-W1CTuqgBA5aslUHmli8teD7kFcBhYJ7v6O5WQo-JFk3w==',9/18/1978 0:00,S,M,3/14/2003 0:00,<function SecurePII.to_hash.<locals>.<lambda>.<locals>.<lambda> at 0x00000147B0A717E0>,vcruz@example.com
272,241,249,David,J,Liu,Accounts Manager,b'gAAAAABjUQoG_csxzul-SyI8jHjO5peMZpFMpp-mXhaBPj8M9f3TE5kx3cFXk6Yl7hqlHniuuSg2nwkU-V__tL7SVm3et2pVJA==',8/8/1977 0:00,M,M,3/3/2003 0:00,<function SecurePII.to_hash.<locals>.<lambda>.<locals>.<lambda> at 0x00000147B0A71870>,xholmes@example.net
273,25,1,James,R,Hamilton,Vice President of Production,b'gAAAAABjUQoGRcfJh5GeP60s6F2XtrODEtfrncFjAC9soAcRRyYo1JvvY9_8sP2BWtLsUlYXz2FF0EMnAf9FYfd-D0GftofW1Q==',2/7/1977 0:00,S,M,3/7/2003 0:00,<function SecurePII.to_hash.<locals>.<lambda>.<locals>.<lambda> at 0x00000147B0A71900>,rhernandez@example.net
274,108,26,Jinghao,K,Liu,Production Supervisor - WC50,b'gAAAAABjUQoGgNw9-sFDzD8zz89YkCfvnQERqXy4yDBznTWA7dUbOmV2RUf1FP6cVGyi-uOI-AZh1ZAYxn7PrgJN5r9wAv4MEQ==',3/9/1983 0:00,S,M,1/9/2003 0:00,<function SecurePII.to_hash.<locals>.<lambda>.<locals>.<lambda> at 0x00000147B0A71990>,marshallshawna@example.net
275,239,235,Mindy,C,Martin,Benefits Specialist,b'gAAAAABjUQoGlFxV_dIFD_JJQHRF3TXW5QMPCSbGkNxNceGmr03tghnxh0kfEARIUw96P3zcIAjwS4fGx0OLzfhn9QN28VfbAg==',12/22/1978 0:00,M,F,1/26/2003 0:00,<function SecurePII.to_hash.<locals>.<lambda>.<locals>.<lambda> at 0x00000147B0A71A20>,zwilson@example.com
276,27,26,Jo,A,Brown,Production Supervisor - WC60,b'gAAAAABjUQoGNM8Q-ndIeybltFHl2MSHtOXxOwN1KOSosrsaOYuxfjf1CZGhEtxvracbgsSUMTOtu_oc-RVXAjCagLxLySoJ3w==',11/9/1950 0:00,S,F,3/30/2002 0:00,<function SecurePII.to_hash.<locals>.<lambda>.<locals>.<lambda> at 0x00000147B0A71AB0>,steven68@example.com
277,186,26,Shane,S,Kim,Production Supervisor - WC45,b'gAAAAABjUQoGrOXXXwhpziXtbM_o2ENKjQwr715ugSvP4dybrcfYUc5LI0BNNXMWugfIcXTJ0-RnEo4aJCSWMf9_rOdXT5Gx9A==',6/24/1984 0:00,S,M,3/12/2003 0:00,<function SecurePII.to_hash.<locals>.<lambda>.<locals>.<lambda> at 0x00000147B0A71B40>,jesusjohnson@example.net
278,38,26,Kim,B,Abercrombie,Production Technician - WC60,b'gAAAAABjUQoGH7gZHaYIR9JPClJvKqyqVIAcUhQSAFDfpOs4viVRBO4XmbRneMULXnq-4tsT3uT6d8eeLNp17R3TcDEK7kzhQA==',1/14/1961 0:00,M,F,2/17/2004 0:00,<function SecurePII.to_hash.<locals>.<lambda>.<locals>.<lambda> at 0x00000147B0A71BD0>,michael28@example.com
279,154,26,Raymond,K,Sam,Production Technician - WC20,b'gAAAAABjUQoGC5DUR08ygw8xpx-GF0_rTKRN7Lgpb-Bz02n7n628tRiynhX5_ujUjsRFiy5Jcyohu8aXOSIA1LQGCVbp3SEYxg==',4/2/1961 0:00,M,M,1/24/2003 0:00,<function SecurePII.to_hash.<locals>.<lambda>.<locals>.<lambda> at 0x00000147B0A71C60>,xschmidt@example.org
280,114,26,Mindaugas,J,Krapauskas,Production Technician - WC50,b'gAAAAABjUQoGDUV8BywVhKCcmTsuIcU9ayvQb-L0ee4IjtbeRg8kcE4_hC8aqHQgBrBcVPxsH4kg6rkDqzVRPj8_8I3xiIT6uw==',6/7/1972 0:00,M,M,2/14/2003 0:00,<function SecurePII.to_hash.<locals>.<lambda>.<locals>.<lambda> at 0x00000147B0A71CF0>,fischerjessica@example.net
281,123,250,Vamsi,N,Kuppa,Shipping and Receiving Clerk,b'gAAAAABjUQoGgYT0Q81c_fwnh8hch8pnegMLkfg7L-enAtzREIAF_x1ep740oT3lmqlLHZU9aXE_8kOz2iAtsvBVVANFDpz5VQ==',4/19/1971 0:00,M,M,1/8/2003 0:00,<function SecurePII.to_hash.<locals>.<lambda>.<locals>.<lambda> at 0x00000147B0A71D80>,rgalvan@example.org
282,29,26,Mark,K,McArthur,Production Technician - WC60,b'gAAAAABjUQoGZFD6jIwzrZoFrj889yuVll0HJ2X5A41IHQ0fi9KigLgj29lA9HmcLX2MLU_xVkHclTrWjditl6QaelYWE1jfcg==',10/26/1973 0:00,S,M,2/24/2003 0:00,<function SecurePII.to_hash.<locals>.<lambda>.<locals>.<lambda> at 0x00000147B0A71E10>,lindseyortiz@example.net
283,101,26,Houman,N,Pournasseh,Production Technician - WC50,b'gAAAAABjUQoGe77yGZGK-bz-3UQQtx5caNUHexLdQdvU_TVKyczVazJwVtD9d-alGtxkS1oVnVz75z-y2nw7qzpmNQolr7dW-w==',9/30/1965 0:00,M,M,2/26/2003 0:00,<function SecurePII.to_hash.<locals>.<lambda>.<locals>.<lambda> at 0x00000147B0A71EA0>,drose@example.org
284,221,25,Chris,K,Norred,Control Specialist,b'gAAAAABjUQoGOQsUFtJ0CIJnjZdD4T-7vw1PjjVzqzyxH29mhFfPLSOtML8Puw--DLNCen6ow6AxtXITr37b4DQgtmEXLSpzIQ==',6/26/1981 0:00,M,M,4/7/2003 0:00,<function SecurePII.to_hash.<locals>.<lambda>.<locals>.<lambda> at 0x00000147B0A71F30>,ymassey@example.com
285,18,16,John,L,Wood,Marketing Specialist,b'gAAAAABjUQoGjuVLnN99HddaXLbTXm_JaT4VpXUzU-hqAxYuRUNP8caaEzUKZ1UlXdpozBJCRa1-KS4DHdmG0PdbmBEettN2KA==',4/6/1972 0:00,S,M,3/10/2005 0:00,<function SecurePII.to_hash.<locals>.<lambda>.<locals>.<lambda> at 0x00000147B0A71FC0>,isoto@example.com
286,46,26,Eugene,O,Kogan,Production Technician - WC60,b'gAAAAABjUQoG0jKCk_6YpgV4ucI1zkrQQDJWrjym2emc-pVEKQUwd-Yqfdu_Mh4XsYwXZGWyuj5u4zydpt2eSBWWVLDIQK7SXA==',3/13/1970 0:00,S,M,3/12/2003 0:00,<function SecurePII.to_hash.<locals>.<lambda>.<locals>.<lambda> at 0x00000147B0A72050>,walshaaron@example.org
287,202,26,Tawana,G,Nusbaum,Production Technician - WC40,b'gAAAAABjUQoG95XtAoIKXBD5X2eb4bJhMsyuS8MzMKwjAgqYVmLbycnur9WkG5mh0--ZQHXFJH9h8SNvVThz8zc_m3b49Fvknw==',12/12/1983 0:00,S,M,3/9/2003 0:00,<function SecurePII.to_hash.<locals>.<lambda>.<locals>.<lambda> at 0x00000147B0A720E0>,rebecca07@example.net
288,289,287,Jae,B,Pak,Sales Representative,b'gAAAAABjUQoGuF83fTVaF-uVJpvxUc2BxPsseG5kByI1MY9IcLE9JvUAJP3mIg7QI1SOTqzKNjvOqnnPV0RjZLO3m4DQVMZbeQ==',4/18/1962 0:00,M,F,7/1/2006 0:00,<function SecurePII.to_hash.<locals>.<lambda>.<locals>.<lambda> at 0x00000147B0A72170>,edward76@example.org
289,288,287,Rachel,B,Valdez,Sales Representative,b'gAAAAABjUQoGoVJc2gT_XpFXWJJy5DkLnmdzMw2Qd19TVKnRT4JTsosJffvUroMOcDthAkUkfNS5uECY3rusAY1QdPySxahuBw==',8/9/1969 0:00,S,F,7/1/2007 0:00,<function SecurePII.to_hash.<locals>.<lambda>.<locals>.<lambda> at 0x00000147B0A72200>,randall14@example.com
290,999,1,Chadwick,,Smith,BI Professor,b'gAAAAABjUQoG4DIL03qmRxw9NvIo5hXi0L5S3jlc89Can2QbXYYZERTbhGY2ePP4crtX8o65YZQcH5tSWORkNKAoHN6JAdo9zA==',7/5/1967 0:00,M,M,1/1/2004 0:00,<function SecurePII.to_hash.<locals>.<lambda>.<locals>.<lambda> at 0x00000147B0A72290>,jose96@example.org
