EmployeeID,ManagerID,FirstName,MiddleName,LastName,Suffix,JobTitle,NationalIDNumber,BirthDate,MaritalStatus,Gender,HireDate,SalariedFlag,VacationHours,SickLeaveHours,PhoneNumber,PhoneNumberType,EmailAddress
259,250,Ben,T,Miller,,Buyer,20269531,1967-07-05,M,M,4/9/2004 0:00,0,55,47,151-555-0113,Work,ben0@adventure-works.com
278,274,Garrett,R,Vargas,,Sales Representative,234474252,1969-03-07,M,M,7/1/2005 0:00,1,33,36,922-555-0165,Work,garrett1@mapleleafmail.ca
204,26,Gabe,B,Mares,,Production Technician - WC40,440379437,1982-06-11,M,M,4/9/2003 0:00,0,57,48,310-555-0117,Work,gabe0@adventure-works.com
78,26,Reuben,H,D'sa,,Production Supervisor - WC40,370989364,1981-09-27,M,M,1/16/2003 0:00,0,72,56,191-555-0112,Work,reuben0@adventure-works.com
255,250,Gordon,L,Hee,,Buyer,466142721,1960-12-30,M,M,2/12/2004 0:00,0,52,46,230-555-0144,Cell,gordon0@adventure-works.com
66,26,Karan,R,Khanna,,Production Technician - WC60,834186596,1964-04-07,S,M,1/23/2004 0:00,0,28,34,447-555-0186,Work,karan0@hotmail.com
270,263,François,P,Ajenstat,,Database Administrator,643805155,1969-06-17,S,M,2/18/2003 0:00,1,67,53,785-555-0110,Cell,françois0@yahoo.com
22,16,Sariya,E,Harnpadoungsataya,,Marketing Specialist,95958330,1981-06-21,S,M,1/13/2003 0:00,0,45,42,399-555-0176,Work,sariya0@adventure-works.com
161,26,Kirk,J,Koenigsbauer,,Production Technician - WC45,275962311,1979-03-10,S,M,1/16/2003 0:00,0,74,57,669-555-0150,Work,kirk0@hotmail.com
124,250,Kim,T,Ralls,,Stocker,420776180,1978-06-01,S,F,1/27/2003 0:00,0,98,69,309-555-0129,Work,kim0@adventure-works.com
10,25,Michael,,Raheem,,Research and Development Manager,879342154,1979-01-01,M,M,6/4/2003 0:00,1,16,64,330-555-2568,Work,michael6@adventure-works.com
248,249,Mike,K,Seamans,,Accountant,480951955,1973-08-01,S,M,4/9/2003 0:00,1,59,49,927-555-0150,Work,mike0@safe-mail.net
175,26,Reed,T,Koch,,Production Technician - WC30,259388196,1983-02-09,M,M,3/6/2003 0:00,0,23,31,678-555-0110,Work,reed0@hotmail.com
155,26,Fadi,K,Fakhouri,,Production Technician - WC20,212801092,1983-03-19,S,M,2/5/2003 0:00,0,16,28,935-555-0116,Work,fadi0@adventure-works.com
144,26,Paul,R,Singh,,Production Technician - WC20,886023130,1984-12-05,M,M,2/18/2003 0:00,0,6,23,727-555-0112,Cell,paul1@safe-mail.net
192,26,Brenda,M,Diaz,,Production Supervisor - WC40,634335025,1977-03-31,M,F,4/6/2003 0:00,0,71,55,142-555-0139,Work,brenda0@adventure-works.com
166,26,Jack,S,Richins,,Production Supervisor - WC30,60114406,1977-07-23,S,M,3/25/2003 0:00,0,68,54,552-555-0111,Work,jack0@adventure-works.com
112,26,John,P,Evans,,Production Technician - WC50,981597097,1972-07-01,S,M,2/2/2003 0:00,0,91,65,172-555-0130,Cell,john1@gmail.com
203,26,Ken,L,Myer,,Production Technician - WC40,693168613,1975-06-29,M,M,3/28/2003 0:00,0,51,45,949-555-0174,Work,ken1@adventure-works.com
245,249,Barbara,C,Moreland,,Accountant,363910111,1970-02-04,M,F,3/22/2003 0:00,1,58,49,822-555-0145,Cell,barbara1@adventure-works.com
257,250,Eric,S,Kurjan,,Buyer,381073001,1966-10-19,S,M,2/28/2004 0:00,0,54,47,265-555-0195,Work,eric2@hotmail.com
244,249,Bryan,A,Walton,,Accounts Receivable Specialist,931190412,1978-10-22,S,M,2/25/2003 0:00,0,62,51,935-555-0199,Work,bryan1@aol.com
69,26,Steve,F,Masters,,Production Technician - WC60,752513276,1985-05-07,S,M,3/19/2003 0:00,0,31,35,712-555-0170,Work,steve0@adventure-works.com
210,26,Belinda,M,Newman,,Production Technician - WC45,20244403,1963-10-19,S,F,3/24/2003 0:00,0,83,61,319-555-0126,Cell,belinda0@adventure-works.com
163,26,Alex,M,Nayberg,,Production Technician - WC45,377784364,1984-05-14,M,M,3/12/2003 0:00,0,77,58,819-555-0198,Work,alex0@adventure-works.com
118,26,Don,L,Hall,,Production Technician - WC50,222400012,1965-07-14,M,M,3/17/2003 0:00,0,88,64,100-555-0174,Work,don0@adventure-works.com
176,26,David,Oliver,Lawrence,,Production Technician - WC30,860123571,1979-10-25,M,M,3/18/2003 0:00,0,29,34,118-555-0177,Work,david7@adventure-works.com
147,26,Sandra,,Reátegui Alayo,,Production Technician - WC30,604664374,1969-12-06,M,F,1/27/2003 0:00,0,37,38,896-555-0168,Work,sandra0@adventure-works.com
138,26,Samantha,H,Smith,,Production Technician - WC20,25011600,1981-12-23,M,F,3/8/2003 0:00,0,7,23,587-555-0114,Cell,samantha0@safe-mail.net
95,26,Jim,H,Scardelis,,Production Technician - WC50,674171828,1980-10-09,M,M,1/20/2003 0:00,0,1,20,679-555-0113,Work,jim0@safe-mail.net
231,227,Jo,L,Berry,,Janitor,153479919,1948-05-25,M,F,4/7/2004 0:00,0,91,65,228-555-0159,Cell,jo1@adventure-works.com
86,26,Ryan,L,Cornelsen,,Production Technician - WC40,769680433,1966-07-15,M,M,2/6/2003 0:00,0,59,49,208-555-0114,Work,ryan0@adventure-works.com
181,26,Michael,T,Hines,,Production Technician - WC20,545337468,1978-12-19,S,M,1/10/2003 0:00,0,20,30,218-555-0126,Work,michael0@adventure-works.com
214,25,Andreas,T,Berglund,,Quality Assurance Technician,131471224,1983-04-29,M,M,3/6/2003 0:00,0,84,62,181-555-0124,Cell,andreas0@adventure-works.com
72,26,Steven,T,Selikoff,,Production Technician - WC30,443968955,1971-06-15,M,M,1/1/2003 0:00,0,41,40,925-555-0114,Work,steven0@safe-mail.net
162,26,Laura,C,Steele,,Production Technician - WC45,514829225,1975-01-26,S,F,2/4/2003 0:00,0,75,57,777-555-0141,Work,laura0@safe-mail.net
107,26,Christopher,E,Hill,,Production Technician - WC10,393421437,1980-11-01,M,M,3/11/2004 0:00,0,91,65,153-555-0166,Cell,christopher0@adventure-works.com
269,263,Dan,K,Bacon,Jr.,Application Specialist,671089628,1975-07-28,M,M,2/12/2003 0:00,1,72,56,166-555-0159,Work,dan0@adventure-works.com
187,26,Yvonne,S,McKay,,Production Technician - WC45,713403643,1983-05-17,M,F,1/10/2003 0:00,0,79,59,286-555-0189,Work,yvonne0@adventure-works.com
75,26,Michiko,F,Osada,,Production Technician - WC30,363996959,1976-07-28,S,M,2/27/2003 0:00,0,44,42,984-555-0148,Work,michiko0@adventure-works.com
12,25,Thierry,B,D'Hers,,Tool Designer,480168528,1953-08-29,M,M,1/11/2002 0:00,0,9,24,168-555-0183,Work,thierry0@adventure-works.com
116,26,Michael,W,Patten,,Production Technician - WC50,398737566,1968-06-03,S,M,3/4/2003 0:00,0,98,69,441-555-0195,Work,michael2@aol.com
30,26,Britta,L,Simon,,Production Technician - WC60,410742000,1983-10-30,M,F,3/2/2003 0:00,0,14,27,955-555-0169,Cell,britta0@safe-mail.net
198,26,Lorraine,O,Nay,,Production Technician - WC40,19312190,1982-12-28,M,F,2/5/2003 0:00,0,49,44,845-555-0184,Work,lorraine0@adventure-works.com
133,26,Michael,L,Rothkugel,,Production Technician - WC40,830150469,1985-02-04,S,M,2/11/2003 0:00,0,70,55,454-555-0119,Work,michael1@adventure-works.com
31,26,Margie,W,Shoop,,Production Technician - WC60,750246141,1980-06-20,M,F,2/5/2003 0:00,0,18,29,818-555-0128,Cell,margie0@safe-mail.net
168,26,Garrett,R,Young,,Production Technician - WC30,271438431,1978-09-26,S,M,1/8/2003 0:00,0,34,37,609-555-0179,Work,garrett0@adventure-works.com
236,235,Grant,N,Culbertson,,Human Resources Administrative Assistant,476980013,1970-05-18,S,M,3/29/2003 0:00,0,53,46,955-555-0131,Work,grant0@adventure-works.com
3,25,Roberto,,Tamburello,,Engineering Manager,509647174,1968-12-13,M,M,12/12/2001 0:00,1,2,21,212-555-0187,Cell,roberto0@adventure-works.com
199,26,Paula,R,Nartker,,Production Technician - WC40,992874797,1981-03-13,M,F,2/13/2003 0:00,0,54,47,476-555-0119,Cell,paula1@adventure-works.com
48,26,Ruth,Ann,Ellerbrock,,Production Technician - WC10,690627818,1950-07-06,M,F,2/6/2002 0:00,0,83,61,145-555-0130,Cell,ruth0@gmail.com
126,250,Jimmy,T,Bischoff,,Stocker,652779496,1979-06-05,M,M,3/30/2003 0:00,0,96,68,927-555-0168,Cell,jimmy0@adventure-works.com
230,227,Stuart,J,Macrae,,Janitor,28414965,1966-01-17,M,M,4/5/2004 0:00,0,88,64,539-555-0149,Work,stuart1@adventure-works.com
41,26,Bryan,,Baker,,Production Technician - WC60,458159238,1967-09-28,S,M,2/22/2003 0:00,0,35,37,712-555-0113,Cell,bryan0@adventure-works.com
283,274,David,R,Campbell,,Sales Representative,987554265,1968-03-14,S,M,7/1/2005 0:00,1,23,31,740-555-0182,Work,david8@adventure-works.com
226,25,Brian,P,LaMee,,Scheduling Assistant,368691270,1978-09-12,M,M,4/4/2003 0:00,0,48,44,313-555-0196,Cell,brian1@adventure-works.com
104,26,Mary,R,Baker,,Production Technician - WC10,717889520,1980-10-20,M,F,1/26/2004 0:00,0,94,67,283-555-0185,Work,mary1@adventure-works.com
263,234,Jean,E,Trenary,,Information Services Manager,441044382,1970-01-13,S,F,1/12/2003 0:00,1,65,52,685-555-0120,Work,jean0@adventure-works.com
232,227,Pat,H,Coleman,,Janitor,646304055,1965-01-03,S,M,2/28/2004 0:00,0,89,64,720-555-0158,Work,pat0@adventure-works.com
274,273,Stephen,Y,Jiang,,North American Sales Manager,502097814,1945-11-17,M,M,2/4/2005 0:00,1,14,27,238-555-0197,Cell,stephen0@adventure-works.com
81,26,Mihail,U,Frintu,,Production Technician - WC40,413787783,1965-04-09,S,M,1/30/2004 0:00,0,64,52,733-555-0128,Work,mihail0@adventure-works.com
172,26,Marc,J,Ingle,,Production Technician - WC30,364818297,1980-11-24,M,M,2/17/2003 0:00,0,22,31,234-555-0169,Cell,marc0@adventure-works.com
119,26,Michael,T,Entin,,Production Technician - WC50,334834274,1983-07-17,S,M,3/29/2003 0:00,0,94,67,817-555-0186,Work,michael4@gmail.com
276,274,Linda,C,Mitchell,,Sales Representative,191644724,1974-03-30,M,F,7/1/2005 0:00,1,27,33,883-555-0116,Work,linda3@adventure-works.com
225,25,Alan,J,Brewer,,Scheduling Assistant,470689086,1978-04-30,M,M,3/17/2003 0:00,0,47,43,438-555-0172,Work,alan0@adventure-works.com
212,25,Peng,J,Wu,,Quality Assurance Supervisor,885055826,1970-04-19,M,M,1/10/2003 0:00,1,81,60,164-555-0164,Work,peng0@aol.com
227,1,Gary,E.,Altman,III,Facilities Manager,141165819,1965-03-21,M,M,1/3/2004 0:00,1,86,63,110-555-0112,Cell,gary1@yahoo.com
97,26,Mandar,H,Samant,,Production Technician - WC50,370581729,1980-04-21,S,M,3/14/2003 0:00,0,0,20,140-555-0132,Work,mandar0@safe-mail.net
194,26,Fred,T,Northup,,Production Technician - WC40,295971920,1983-07-27,S,M,1/13/2003 0:00,0,47,43,818-555-0192,Cell,fred0@adventure-works.com
62,26,John,T,Campbell,,Production Supervisor - WC60,494170342,1950-09-08,M,M,4/18/2002 0:00,0,81,60,435-555-0113,Work,john0@adventure-works.com
115,26,Angela,W,Barbariol,,Production Technician - WC50,563680513,1985-07-01,S,F,2/21/2003 0:00,0,92,66,150-555-0194,Cell,angela0@adventure-works.com
122,250,Susan,W,Eaton,,Stocker,586486572,1972-03-20,S,F,1/8/2003 0:00,0,97,68,943-555-0196,Work,susan0@gmail.com
150,26,Michael,T,Vanderhyde,,Production Technician - WC30,878395493,1976-10-19,M,M,3/30/2003 0:00,0,35,37,296-555-0121,Cell,michael5@adventure-works.com
258,250,Erin,M,Hagens,,Buyer,785853949,1965-02-04,S,F,3/3/2004 0:00,0,53,46,842-555-0158,Work,erin0@adventure-works.com
63,26,Maciej,W,Dusza,,Production Technician - WC60,414476027,1949-03-02,S,M,3/1/2004 0:00,0,30,35,237-555-0128,Cell,maciej0@adventure-works.com
156,26,Lane,M,Sacksteder,,Production Technician - WC20,322160340,1968-10-24,M,M,2/12/2003 0:00,0,11,25,200-555-0117,Cell,lane0@safe-mail.net
238,235,Vidur,X,Luthra,,Recruiter,264306399,1978-09-02,S,M,2/2/2003 0:00,0,50,45,153-555-0186,Work,vidur0@adventure-works.com
205,26,Lori,A,Kane,,Production Supervisor - WC45,332349500,1974-08-19,S,F,3/30/2003 0:00,0,76,58,289-555-0196,Cell,lori0@hotmail.com
89,26,Patrick,C,Wedge,,Production Technician - WC10,90888098,1980-10-11,S,M,3/4/2004 0:00,0,96,68,413-555-0124,Cell,patrick0@aol.com
170,26,George,Z,Li,,Production Technician - WC30,476115505,1971-05-18,M,M,1/22/2003 0:00,0,26,33,518-555-0199,Cell,george0@adventure-works.com
243,249,Candy,L,Spoon,,Accounts Receivable Specialist,60517918,1970-03-26,S,F,2/7/2003 0:00,0,61,50,920-555-0177,Cell,candy0@safe-mail.net
49,26,Barry,K,Johnson,,Production Technician - WC10,912265825,1950-04-27,S,M,2/7/2002 0:00,0,88,64,206-555-0180,Work,barry0@adventure-works.com
220,25,Karen,R,Berge,,Document Control Assistant,260770918,1970-01-25,M,F,3/13/2003 0:00,0,79,59,746-555-0164,Work,karen0@adventure-works.com
32,26,Rebecca,A,Laszlo,,Production Technician - WC60,330211482,1971-08-11,M,F,1/30/2003 0:00,0,23,31,314-555-0113,Cell,rebecca0@adventure-works.com
24,16,Jill,A,Williams,,Marketing Specialist,72636981,1973-07-19,M,F,2/19/2003 0:00,0,47,43,510-555-0121,Work,jill0@aol.com
132,26,Nicole,B,Holliday,,Production Technician - WC40,1300049,1980-05-10,M,F,3/26/2003 0:00,0,67,53,508-555-0129,Cell,nicole0@adventure-works.com
109,26,Alice,O,Ciccu,,Production Technician - WC50,113695504,1972-02-27,M,F,1/8/2003 0:00,0,95,67,333-555-0173,Cell,alice0@adventure-works.com
111,26,Suroor,R,Fatima,,Production Technician - WC50,415823523,1972-03-28,S,M,1/18/2003 0:00,0,93,66,932-555-0161,Work,suroor0@adventure-works.com
113,26,Linda,K,Moschell,,Production Technician - WC50,54759846,1981-08-17,M,F,1/26/2003 0:00,0,96,68,612-555-0171,Cell,linda0@adventure-works.com
196,26,Shammi,G,Mohamed,,Production Technician - WC40,370487086,1974-11-05,M,M,1/25/2003 0:00,0,53,46,793-555-0179,Cell,shammi0@adventure-works.com
218,25,Tengiz,N,Kharatishvili,,Control Specialist,540688287,1984-05-29,S,M,1/17/2003 0:00,0,76,58,910-555-0116,Work,tengiz0@hotmail.com
160,26,Jeff,V,Hay,,Production Supervisor - WC45,712885347,1971-02-16,M,M,2/22/2003 0:00,0,74,57,350-555-0167,Cell,jeff0@adventure-works.com
13,25,Janice,M,Galvin,,Tool Designer,486228782,1983-06-29,M,F,1/23/2005 0:00,0,8,24,473-555-0117,Work,janice0@adventure-works.com
286,285,Lynn,N,Tsoflias,,Sales Representative,758596752,1965-04-18,S,F,7/1/2007 0:00,1,36,38,1 (11) 500 555-0190,Cell,lynn0@adventure-works.com
217,25,Zainal,T,Arifin,,Document Control Manager,345106466,1970-03-02,M,M,2/5/2003 0:00,0,77,58,204-555-0115,Cell,zainal0@yahoo.com
44,26,Simon,D,Rapier,,Production Technician - WC60,276751903,1984-06-17,S,M,1/9/2003 0:00,0,38,39,963-555-0134,Work,simon0@adventure-works.com
99,26,Nuan,,Yu,,Production Technician - WC50,431859843,1973-04-29,S,M,2/7/2003 0:00,0,2,21,913-555-0184,Cell,nuan0@adventure-works.com
96,26,Elizabeth,I,Keyser,,Production Technician - WC50,912141525,1984-02-26,M,F,4/3/2003 0:00,0,5,22,318-555-0137,Cell,elizabeth0@hotmail.com
229,227,Lori,K,Penor,,Janitor,879334904,1964-08-31,M,F,3/19/2004 0:00,0,90,65,295-555-0161,Cell,lori1@aol.com
65,26,Randy,T,Reeves,,Production Technician - WC60,8066363,1964-05-29,M,M,3/26/2004 0:00,0,29,34,961-555-0122,Cell,randy0@adventure-works.com
178,26,John,N,Frum,,Production Technician - WC30,568626529,1976-04-24,S,M,4/4/2003 0:00,0,27,33,663-555-0172,Cell,john3@adventure-works.com
26,25,Peter,J,Krebs,,Production Control Manager,277173473,1976-12-04,M,M,1/2/2003 0:00,1,43,41,913-555-0196,Work,peter0@hotmail.com
93,26,Kok-Ho,T,Loh,,Production Supervisor - WC50,778552911,1974-05-30,S,M,1/28/2003 0:00,0,78,59,999-555-0155,Work,kok-ho0@adventure-works.com
134,26,Eric,,Gubbels,,Production Supervisor - WC20,45615666,1979-02-20,M,M,2/15/2003 0:00,0,40,40,260-555-0119,Cell,eric0@adventure-works.com
151,26,Rostislav,E,Shabalin,,Production Technician - WC30,993310268,1971-10-15,M,M,3/23/2003 0:00,0,40,40,751-555-0134,Cell,rostislav0@safe-mail.net
158,26,Shelley,N,Dyck,,Production Technician - WC20,300946911,1981-01-08,S,F,4/8/2003 0:00,0,14,27,991-555-0184,Cell,shelley0@adventure-works.com
16,1,David,M,Bradley,,Marketing Manager,24756624,1969-04-19,S,M,1/20/2002 0:00,1,40,40,913-555-0172,Work,david0@adventure-works.com
135,26,Ivo,William,Salmre,,Production Technician - WC20,964089218,1976-02-04,M,M,1/5/2003 0:00,0,9,24,115-555-0179,Work,ivo0@safe-mail.net
268,263,Ramesh,V,Meyyappan,,Application Specialist,314747499,1982-04-14,S,M,3/7/2003 0:00,1,73,56,182-555-0134,Work,ramesh0@adventure-works.com
246,249,Dragan,K,Tomic,,Accounts Payable Specialist,663843431,1971-03-18,M,M,3/15/2003 0:00,0,63,51,117-555-0185,Work,dragan0@adventure-works.com
188,26,Douglas,B,Hite,,Production Technician - WC45,435234965,1979-12-26,M,M,1/28/2003 0:00,0,80,60,808-555-0172,Cell,douglas0@adventure-works.com
177,26,Russell,M,King,,Production Technician - WC30,551346974,1976-03-14,M,M,3/25/2003 0:00,0,24,32,517-555-0122,Work,russell1@hotmail.com
23,16,Mary,E,Gibson,,Marketing Specialist,767955365,1956-10-14,M,F,2/13/2003 0:00,0,46,43,531-555-0183,Work,mary0@adventure-works.com
184,26,John,Y,Chen,,Production Technician - WC20,305522471,1980-05-06,M,M,3/13/2003 0:00,0,18,29,201-555-0163,Cell,john2@adventure-works.com
284,274,Tete,A,Mensa-Annan,,Sales Representative,90836195,1972-02-06,M,M,11/1/2006 0:00,1,39,39,615-555-0153,Work,tete0@adventure-works.com
127,26,David,P,Hamilton,,Production Supervisor - WC40,750905084,1977-08-02,S,M,2/4/2003 0:00,0,73,56,986-555-0177,Cell,david4@adventure-works.com
182,26,Nitin,S,Mirchandani,,Production Technician - WC20,368920189,1981-01-01,S,M,1/29/2003 0:00,0,21,30,143-555-0173,Cell,nitin0@adventure-works.com
213,25,Sootha,T,Charncherngkha,,Quality Assurance Technician,343861179,1961-01-05,M,M,3/26/2004 0:00,0,85,62,325-555-0137,Work,sootha0@adventure-works.com
174,26,Benjamin,R,Martin,,Production Technician - WC30,585408256,1980-02-06,S,M,2/28/2003 0:00,0,28,34,533-555-0111,Cell,benjamin0@adventure-works.com
131,26,Baris,F,Cetinok,,Production Technician - WC40,273260055,1984-11-07,S,M,3/19/2003 0:00,0,72,56,164-555-0114,Work,baris0@adventure-works.com
80,26,Sandeep,P,Kaliyath,,Production Technician - WC40,943170460,1965-01-03,S,M,2/18/2004 0:00,0,65,52,166-555-0156,Work,sandeep0@hotmail.com
235,1,Paula,M,Barreto  de Mattos,,Human Resources Manager,535145551,1970-03-14,M,F,1/7/2003 0:00,1,54,47,523-555-0175,Cell,paula0@adventure-works.com
125,250,Matthias,T,Berndt,,Shipping and Receiving Clerk,584205124,1967-12-13,M,M,2/21/2003 0:00,0,94,67,139-555-0120,Cell,matthias0@adventure-works.com
1,,Ken,J,Sánchez,,Chief Executive Officer,295847284,1963-03-02,S,M,2/15/2003 0:00,1,99,69,697-555-0142,Cell,ken0@safe-mail.net
164,26,Andrew,M,Cencini,,Production Technician - WC45,65848458,1982-10-26,S,M,4/7/2003 0:00,0,73,56,207-555-0192,Cell,andrew1@adventure-works.com
249,234,Wendy,Beth,Kahn,,Finance Manager,121491555,1978-11-12,S,F,1/26/2003 0:00,1,55,47,248-555-0134,Work,wendy0@hotmail.com
189,26,Janeth,M,Esteves,,Production Technician - WC45,187369436,1966-08-25,S,F,2/16/2003 0:00,0,81,60,540-555-0191,Work,janeth0@gmail.com
39,26,Ed,R,Dudenhoefer,,Production Technician - WC60,461786517,1965-10-12,S,M,3/8/2004 0:00,0,25,32,919-555-0140,Work,ed0@adventure-works.com
145,26,Cynthia,S,Randall,,Production Supervisor - WC30,386315192,1975-09-19,S,F,2/28/2003 0:00,0,69,54,352-555-0138,Cell,cynthia0@adventure-works.com
42,26,James,D,Kramer,,Production Technician - WC60,339712426,1978-08-26,M,M,1/28/2003 0:00,0,39,39,119-555-0117,Cell,james0@hotmail.com
8,25,Diane,L,Margheim,,Research and Development Engineer,811994146,1980-07-06,S,F,1/30/2003 0:00,1,62,51,815-555-0138,Cell,diane1@adventure-works.com
149,26,Andy,M,Ruth,,Production Technician - WC30,764853868,1977-11-20,M,M,3/4/2003 0:00,0,39,39,118-555-0110,Cell,andy0@adventure-works.com
54,26,Bonnie,N,Kearney,,Production Technician - WC10,109272464,1980-10-11,M,F,2/2/2004 0:00,0,89,64,264-555-0150,Work,bonnie0@hotmail.com
110,26,Jun,T,Cao,,Production Technician - WC50,857651804,1973-08-06,S,M,1/15/2003 0:00,0,90,65,299-555-0113,Work,jun0@adventure-works.com
180,26,Katie,L,McAskill-White,,Production Supervisor - WC20,862951447,1978-12-20,S,F,3/24/2003 0:00,0,42,41,809-555-0133,Work,katie0@adventure-works.com
287,273,Amy,E,Alberts,,European Sales Manager,982310417,1951-10-22,M,F,5/18/2006 0:00,1,21,30,775-555-0164,Work,amy0@yahoo.com
152,26,Yuhong,L,Li,,Production Supervisor - WC20,319472946,1971-05-08,M,M,3/5/2003 0:00,0,41,40,965-555-0155,Cell,yuhong0@adventure-works.com
171,26,David,A,Yalovsky,,Production Technician - WC30,746373306,1975-09-04,S,M,2/3/2003 0:00,0,32,36,373-555-0142,Work,david3@adventure-works.com
130,26,Rob,T,Caron,,Production Technician - WC40,578953538,1967-09-05,S,M,3/17/2003 0:00,0,71,55,238-555-0116,Work,rob1@adventure-works.com
55,26,Taylor,R,Maxwell,,Production Supervisor - WC50,233069302,1950-05-03,M,M,3/11/2002 0:00,0,79,59,508-555-0165,Work,taylor0@adventure-works.com
211,25,Hazem,E,Abolrous,,Quality Assurance Manager,398223854,1971-11-27,S,M,4/1/2003 0:00,1,80,60,869-555-0125,Work,hazem0@yahoo.com
79,26,Eric,L,Brown,,Production Technician - WC40,697712387,1961-01-08,M,M,2/25/2004 0:00,0,60,50,680-555-0118,Cell,eric1@adventure-works.com
36,26,Jose,R,Lugo,,Production Technician - WC60,788456780,1978-09-01,M,M,3/14/2003 0:00,0,20,30,587-555-0115,Cell,jose0@adventure-works.com
90,26,Danielle,C,Tiedt,,Production Technician - WC10,82638150,1980-10-08,S,F,3/23/2004 0:00,0,97,68,500-555-0172,Cell,danielle0@adventure-works.com
92,26,Tom,M,Vande Velde,,Production Technician - WC10,826454897,1980-11-01,M,M,4/10/2004 0:00,0,98,69,295-555-0161,Work,tom0@adventure-works.com
267,263,Karen,A,Berg,,Application Specialist,58317344,1972-06-19,S,F,3/20/2003 0:00,1,74,57,654-555-0177,Work,karen1@adventure-works.com
68,26,Charles,B,Fitzgerald,,Production Technician - WC60,537092325,1965-10-03,S,M,1/4/2004 0:00,0,27,33,931-555-0118,Work,charles0@adventure-works.com
250,249,Sheela,H,Word,,Purchasing Manager,895209680,1972-03-13,S,F,3/28/2005 0:00,1,49,44,210-555-0193,Work,sheela0@aol.com
60,26,Pete,C,Male,,Production Technician - WC50,827686041,1971-03-07,S,M,2/12/2003 0:00,0,13,26,768-555-0123,Cell,pete0@adventure-works.com
120,26,Kitti,H,Lertpiriyasuwat,,Production Technician - WC50,211789056,1981-07-07,S,F,4/5/2003 0:00,0,89,64,785-555-0132,Work,kitti0@adventure-works.com
98,26,Sameer,A,Tejani,,Production Technician - WC50,152085091,1972-07-27,M,M,3/15/2003 0:00,0,4,22,990-555-0172,Cell,sameer0@adventure-works.com
121,250,Pilar,G,Ackerman,,Shipping and Receiving Supervisor,521265716,1966-10-11,S,M,2/3/2003 0:00,1,93,66,577-555-0185,Work,pilar0@yahoo.com
197,26,Rajesh,M,Patel,,Production Technician - WC40,632092621,1971-11-05,M,M,2/1/2003 0:00,0,48,44,373-555-0137,Cell,rajesh0@aol.com
240,235,Willis,T,Johnson,,Recruiter,332040978,1972-08-18,S,M,1/14/2003 0:00,0,49,44,778-555-0141,Work,willis0@adventure-works.com
11,25,Ovidiu,V,Cracium,,Senior Tool Designer,974026903,1972-02-18,S,M,1/5/2005 0:00,0,7,23,719-555-0181,Cell,ovidiu0@adventure-works.com
52,26,Doris,M,Hartwig,,Production Technician - WC10,565090917,1950-05-06,M,F,4/11/2002 0:00,0,86,63,328-555-0150,Cell,doris0@adventure-works.com
77,26,Merav,A,Netz,,Production Technician - WC30,301435199,1977-06-13,M,F,4/4/2003 0:00,0,46,43,224-555-0187,Work,merav0@adventure-works.com
56,26,Denise,H,Smith,,Production Technician - WC50,652535724,1982-08-07,M,F,3/9/2003 0:00,0,9,24,869-555-0119,Cell,denise0@safe-mail.net
6,25,Jossef,H,Goldberg,,Design Engineer,998320692,1953-04-11,M,M,2/24/2002 0:00,1,6,23,122-555-0189,Work,jossef0@adventure-works.com
88,26,Betsy,A,Stadick,,Production Technician - WC10,294148271,1961-01-17,S,F,1/19/2004 0:00,0,99,69,405-555-0171,Cell,betsy0@safe-mail.net
34,26,Suchitra,O,Mohan,,Production Technician - WC60,754372876,1981-07-11,M,F,3/20/2003 0:00,0,15,27,753-555-0129,Cell,suchitra0@adventure-works.com
4,25,Rob,,Walters,,Senior Tool Designer,112457891,1969-01-23,S,M,1/5/2002 0:00,0,48,80,612-555-0100,Cell,rob0@aol.com
84,26,Frank,R,Martinez,,Production Technician - WC40,947029962,1946-04-03,M,M,3/8/2004 0:00,0,66,53,203-555-0196,Work,frank3@adventure-works.com
281,274,Shu,K,Ito,,Sales Representative,139397894,1962-04-10,M,M,10/1/2005 0:00,1,26,33,330-555-0120,Cell,shu0@adventure-works.com
51,26,Jeffrey,L,Ford,,Production Technician - WC10,132674823,1950-08-12,S,M,3/23/2002 0:00,0,85,62,984-555-0185,Work,jeffrey0@adventure-works.com
117,26,Chad,W,Niswonger,,Production Technician - WC50,599942664,1984-09-04,M,M,3/22/2003 0:00,0,99,69,559-555-0175,Work,chad0@adventure-works.com
74,26,Bjorn,M,Rettig,,Production Technician - WC30,420023788,1983-12-08,S,M,2/8/2003 0:00,0,43,41,199-555-0117,Work,bjorn0@adventure-works.com
271,263,Dan,B,Wilson,,Database Administrator,929666391,1970-02-06,M,M,2/23/2003 0:00,1,66,53,653-555-0144,Work,dan1@aol.com
57,26,Frank,T,Miller,,Production Technician - WC50,10708100,1965-08-24,S,M,3/27/2003 0:00,0,10,25,167-555-0139,Work,frank1@adventure-works.com
272,263,Janaina,Barreiro  Gambaro,Bueno,,Application Specialist,525932996,1979-03-03,M,F,1/24/2003 0:00,1,71,55,623-555-0155,Work,janaina0@adventure-works.com
256,250,Frank,S,Pellow,,Buyer,367453993,1946-06-13,M,M,2/24/2004 0:00,0,58,49,163-555-0147,Cell,frank2@aol.com
129,26,Gary,W,Yukish,,Production Technician - WC40,502058701,1982-06-17,S,M,1/23/2003 0:00,0,69,54,901-555-0125,Cell,gary0@adventure-works.com
105,26,Kevin,M,Homer,,Production Technician - WC10,801365500,1980-10-20,S,M,1/26/2004 0:00,0,90,65,555-555-0113,Work,kevin2@adventure-works.com
253,250,Linda,P,Meisner,,Buyer,407505660,1964-12-31,M,F,1/18/2004 0:00,0,56,48,916-555-0165,Cell,linda2@adventure-works.com
261,250,Reinout,N,Hillmann,,Purchasing Assistant,280633567,1972-02-18,M,M,1/25/2005 0:00,0,51,45,370-555-0163,Work,reinout0@adventure-works.com
19,16,Mary,A,Dempsey,,Marketing Assistant,52541318,1972-03-01,S,F,3/17/2005 0:00,0,43,41,124-555-0114,Cell,mary2@adventure-works.com
280,274,Pamela,O,Ansman-Wolfe,,Sales Representative,61161660,1969-01-06,S,F,10/1/2005 0:00,1,22,31,340-555-0193,Cell,pamela0@yahoo.com
260,250,Annette,L,Hill,,Purchasing Assistant,437296311,1972-03-01,M,F,1/6/2005 0:00,0,50,45,125-555-0196,Cell,annette0@adventure-works.com
59,26,Bob,N,Hohman,,Production Technician - WC50,843479922,1973-09-16,S,M,1/25/2003 0:00,0,12,26,611-555-0116,Work,bob0@adventure-works.com
206,26,Stuart,V,Munson,,Production Technician - WC45,835460180,1956-10-14,S,M,1/3/2003 0:00,0,84,62,413-555-0136,Cell,stuart0@adventure-works.com
71,26,Michael,Sean,Ray,,Production Supervisor - WC30,578935259,1983-03-02,S,M,3/19/2003 0:00,0,70,55,156-555-0199,Cell,michael3@adventure-works.com
14,25,Michael,I,Sullivan,,Senior Design Engineer,42487730,1973-07-17,S,M,1/30/2005 0:00,1,3,21,465-555-0156,Cell,michael8@safe-mail.net
102,26,Zheng,W,Mu,,Production Supervisor - WC10,360868122,1977-11-26,S,M,1/4/2003 0:00,0,66,53,113-555-0173,Cell,zheng0@adventure-works.com
265,263,Ashvini,R,Sharma,,Network Administrator,749389530,1971-04-28,S,M,1/5/2003 0:00,0,70,55,656-555-0119,Work,ashvini0@safe-mail.net
47,26,Andrew,R,Hill,,Production Supervisor - WC10,33237992,1982-10-08,S,M,3/26/2003 0:00,0,65,52,908-555-0159,Cell,andrew0@adventure-works.com
165,26,Chris,T,Preston,,Production Technician - WC45,539490372,1983-01-17,M,M,2/23/2003 0:00,0,76,58,200-555-0112,Cell,chris0@aol.com
167,26,David,N,Johnson,,Production Technician - WC30,498138869,1973-12-03,S,M,1/3/2003 0:00,0,25,32,166-555-0162,Cell,david1@adventure-works.com
224,25,William,S,Vong,,Scheduling Assistant,621209647,1975-12-08,M,M,2/8/2003 0:00,0,45,42,148-555-0145,Cell,william0@adventure-works.com
190,26,Robert,J,Rounthwaite,,Production Technician - WC45,456839592,1979-04-01,S,M,3/6/2003 0:00,0,82,61,589-555-0147,Cell,robert0@adventure-works.com
143,26,Krishna,,Sunkammurali,,Production Technician - WC20,56772045,1965-10-06,S,M,3/16/2004 0:00,0,2,21,491-555-0183,Cell,krishna0@safe-mail.net
247,249,Janet,L,Sheperdigian,,Accounts Payable Specialist,519756660,1973-04-09,M,F,4/2/2003 0:00,0,64,52,393-555-0186,Work,janet0@safe-mail.net
76,26,Carol,M,Philips,,Production Technician - WC30,227319668,1982-11-18,M,F,3/16/2003 0:00,0,45,42,609-555-0153,Cell,carol0@aol.com
137,26,Anibal,T,Sousa,,Production Technician - WC20,63761469,1968-10-06,S,F,3/27/2003 0:00,0,8,24,106-555-0120,Work,anibal0@safe-mail.net
234,1,Laura,F,Norman,,Chief Financial Officer,184188301,1970-02-06,M,F,3/4/2003 0:00,1,0,20,615-555-0110,Cell,laura1@adventure-works.com
20,16,Wanida,M,Benshoof,,Marketing Assistant,323403273,1969-04-17,M,F,2/7/2005 0:00,0,41,40,708-555-0141,Work,wanida0@adventure-works.com
159,26,Terrence,W,Earls,,Production Technician - WC20,404159499,1979-01-09,S,M,3/20/2003 0:00,0,13,26,110-555-0115,Work,terrence0@gmail.com
7,25,Dylan,A,Miller,,Research and Development Manager,134969118,1981-03-27,M,M,3/12/2003 0:00,1,61,50,181-555-0156,Work,dylan0@adventure-works.com
139,26,Hung-Fu,T,Ting,,Production Technician - WC20,113393530,1965-11-23,S,M,2/7/2004 0:00,0,0,20,497-555-0181,Cell,hung-fu0@adventure-works.com
40,26,JoLynn,M,Dobney,,Production Supervisor - WC60,309738752,1950-02-16,S,F,1/26/2002 0:00,0,82,61,903-555-0145,Work,jolynn0@adventure-works.com
193,26,Alejandro,E,McGuel,,Production Technician - WC40,761597760,1983-01-06,S,M,1/7/2003 0:00,0,52,46,668-555-0130,Work,alejandro0@adventure-works.com
183,26,Barbara,S,Decker,,Production Technician - WC20,969985265,1973-08-02,M,F,2/23/2003 0:00,0,17,28,119-555-0192,Cell,barbara0@adventure-works.com
15,25,Sharon,B,Salavaria,,Design Engineer,56920285,1955-06-03,M,F,2/18/2005 0:00,1,4,22,970-555-0138,Cell,sharon0@safe-mail.net
87,26,Cristian,K,Petculescu,,Production Supervisor - WC10,7201901,1978-05-13,M,M,1/23/2003 0:00,0,67,53,434-555-0133,Cell,cristian0@aol.com
142,26,Olinda,C,Turner,,Production Technician - WC20,163347032,1964-05-05,S,F,4/4/2004 0:00,0,3,21,306-555-0186,Cell,olinda0@adventure-works.com
201,26,Brian,T,Lloyd,,Production Technician - WC40,746201340,1971-03-14,S,M,3/2/2003 0:00,0,55,47,110-555-0182,Cell,brian0@adventure-works.com
128,26,Paul,B,Komosinski,,Production Technician - WC40,384162788,1974-12-15,S,M,1/5/2003 0:00,0,68,54,147-555-0160,Work,paul0@hotmail.com
153,26,Hanying,P,Feng,,Production Technician - WC20,568596888,1968-11-16,S,M,1/17/2003 0:00,0,15,27,319-555-0139,Work,hanying0@adventure-works.com
45,26,Thomas,R,Michaels,,Production Technician - WC60,500412746,1980-02-11,M,M,3/30/2003 0:00,0,37,38,278-555-0118,Cell,thomas0@adventure-works.com
141,26,Min,G,Su,,Production Technician - WC20,872923042,1968-10-11,M,M,2/25/2004 0:00,0,1,20,590-555-0152,Work,min0@safe-mail.net
208,26,Scott,R,Gode,,Production Technician - WC45,199546871,1981-03-13,M,M,2/9/2003 0:00,0,86,63,391-555-0138,Cell,scott0@adventure-works.com
264,263,Stephanie,A,Conroy,,Network Manager,858323870,1978-04-26,S,F,3/8/2003 0:00,1,68,54,594-555-0110,Work,stephanie0@adventure-works.com
58,26,Kendall,C,Keil,,Production Technician - WC50,571658797,1980-06-30,M,M,1/6/2003 0:00,0,11,25,138-555-0128,Work,kendall0@hotmail.com
285,273,Syed,E,Abbas,,Pacific Sales Manager,481044938,1969-02-11,M,M,4/15/2007 0:00,1,20,30,926-555-0182,Work,syed0@yahoo.com
64,26,Michael,J,Zwilling,,Production Technician - WC60,582347317,1967-10-07,S,M,3/26/2004 0:00,0,26,33,582-555-0148,Cell,michael7@adventure-works.com
2,1,Terri,Lee,Duffy,,Vice President of Engineering,245797967,1965-09-01,S,F,3/3/2002 0:00,1,1,20,819-555-0175,Work,terri0@adventure-works.com
195,26,Kevin,H,Liu,,Production Technician - WC40,918737118,1980-01-26,S,M,1/18/2003 0:00,0,58,49,714-555-0138,Work,kevin1@adventure-works.com
94,26,Russell,,Hunter,,Production Technician - WC50,718299860,1966-12-27,M,M,1/13/2003 0:00,0,6,23,786-555-0144,Work,russell0@adventure-works.com
242,249,Deborah,E,Poe,,Accounts Receivable Specialist,363923697,1970-04-07,M,F,1/19/2003 0:00,0,60,50,602-555-0194,Cell,deborah0@aol.com
237,235,Hao,O,Chen,,Human Resources Administrative Assistant,416679555,1971-05-19,S,M,3/10/2003 0:00,0,52,46,806-555-0136,Work,hao0@adventure-works.com
157,26,Linda,A,Randall,,Production Technician - WC20,812797414,1971-11-06,S,F,3/7/2003 0:00,0,12,26,696-555-0157,Work,linda1@adventure-works.com
28,26,Guy,R,Gilbert,,Production Technician - WC60,14417807,1976-05-15,M,M,7/31/2000 0:00,0,21,30,320-555-0195,Work,guy1@adventure-works.com
191,26,Lionel,C,Penuchot,,Production Technician - WC45,399658727,1982-04-15,S,M,3/30/2003 0:00,0,78,59,450-555-0152,Cell,lionel0@aol.com
273,1,Brian,S,Welcker,,Vice President of Sales,112432117,1971-07-08,S,M,3/18/2005 0:00,1,10,25,716-555-0127,Cell,brian3@aol.com
9,25,Gigi,N,Matthew,,Research and Development Engineer,658797903,1973-02-21,M,F,2/17/2003 0:00,1,63,51,185-555-0186,Cell,gigi0@adventure-works.com
43,26,Nancy,A,Anderson,,Production Technician - WC60,693325305,1982-12-21,M,F,2/3/2003 0:00,0,34,37,970-555-0118,Cell,nancy0@yahoo.com
33,26,Annik,O,Stahl,,Production Technician - WC60,801758002,1971-01-27,M,M,1/18/2003 0:00,0,17,28,499-555-0125,Work,annik0@safe-mail.net
17,16,Kevin,F,Brown,,Marketing Assistant,253022876,1981-06-03,S,M,2/26/2001 0:00,0,42,41,150-555-0189,Cell,kevin0@adventure-works.com
136,26,Sylvester,A,Valdez,,Production Technician - WC20,701156975,1964-12-13,M,M,1/12/2004 0:00,0,4,22,492-555-0174,Cell,sylvester0@adventure-works.com
173,26,Eugene,R,Zabokritski,,Production Technician - WC30,87268837,1981-08-15,S,M,2/22/2003 0:00,0,33,36,241-555-0191,Cell,eugene0@adventure-works.com
216,25,Sean,P,Alexander,,Quality Assurance Technician,403414852,1970-04-07,S,M,1/29/2003 0:00,0,82,61,420-555-0173,Cell,sean0@yahoo.com
277,274,Jillian,,Carson,,Sales Representative,615389812,1956-09-29,S,F,7/1/2005 0:00,1,24,32,517-555-0117,Work,jillian0@adventure-works.com
35,26,Brandon,G,Heidepriem,,Production Technician - WC60,999440576,1971-02-11,M,M,3/12/2003 0:00,0,22,31,429-555-0137,Cell,brandon0@adventure-works.com
228,227,Christian,E,Kleinerman,,Maintenance Supervisor,553069203,1970-02-18,M,M,1/15/2003 0:00,1,92,66,846-555-0157,Cell,christian0@hotmail.com
223,25,Sairaj,L,Uddin,,Scheduling Assistant,981495526,1982-01-22,M,M,2/27/2003 0:00,0,46,43,500-555-0159,Cell,sairaj0@adventure-works.com
100,26,Lolan,B,Song,,Production Technician - WC50,204035155,1967-02-25,M,M,2/13/2003 0:00,0,7,23,582-555-0178,Cell,lolan0@safe-mail.net
275,274,Michael,G,Blythe,,Sales Representative,841560125,1963-01-26,S,M,7/1/2005 0:00,1,38,39,257-555-0154,Cell,michael9@adventure-works.com
85,26,Brian,Richard,Goldstein,,Production Technician - WC40,1662732,1965-01-23,S,M,1/12/2004 0:00,0,63,51,730-555-0117,Cell,brian2@adventure-works.com
61,26,Diane,H,Tibbott,,Production Technician - WC50,92096924,1983-09-10,S,F,2/19/2003 0:00,0,8,24,361-555-0180,Work,diane2@adventure-works.com
106,26,John,T,Kane,,Production Technician - WC10,561196580,1980-10-29,S,M,3/30/2004 0:00,0,92,66,254-555-0114,Work,john4@hotmail.com
200,26,Frank,T,Lee,,Production Technician - WC40,749211824,1981-10-07,M,M,2/18/2003 0:00,0,56,48,158-555-0191,Cell,frank0@adventure-works.com
279,274,Tsvi,Michael,Reiter,,Sales Representative,716374314,1968-02-19,M,M,7/1/2005 0:00,1,29,34,664-555-0112,Work,tsvi0@adventure-works.com
146,26,Jian Shuo,,Wang,,Production Technician - WC30,160739235,1977-08-27,S,M,1/8/2003 0:00,0,36,38,952-555-0178,Cell,jianshuo0@aol.com
103,26,Ebru,N,Ersan,,Production Technician - WC10,455563743,1980-10-23,S,M,1/7/2004 0:00,0,93,66,202-555-0187,Cell,ebru0@gmail.com
73,26,Carole,M,Poland,,Production Technician - WC30,138280935,1977-11-19,M,F,1/20/2003 0:00,0,42,41,688-555-0192,Cell,carole0@aol.com
185,26,Stefen,A,Hesse,,Production Technician - WC20,621932914,1970-01-21,S,M,4/1/2003 0:00,0,19,29,165-555-0113,Cell,stefen0@adventure-works.com
37,26,Chris,O,Okelberry,,Production Technician - WC60,442121106,1980-09-07,S,M,4/8/2003 0:00,0,16,28,315-555-0144,Cell,chris2@adventure-works.com
215,25,Mark,L,Harrington,,Quality Assurance Technician,381772114,1980-05-31,S,M,2/16/2003 0:00,0,83,61,147-555-0179,Cell,mark0@adventure-works.com
179,26,Jan,S,Miksovsky,,Production Technician - WC30,587567941,1968-12-16,S,M,4/6/2003 0:00,0,30,35,139-555-0131,Work,jan0@adventure-works.com
91,26,Kimberly,B,Zimmerman,,Production Technician - WC10,390124815,1980-10-14,S,F,2/13/2004 0:00,0,95,67,123-555-0167,Work,kimberly0@adventure-works.com
21,16,Terry,J,Eminhizer,,Marketing Specialist,243322160,1980-03-07,M,M,4/3/2003 0:00,0,44,42,138-555-0118,Cell,terry0@gmail.com
207,26,Greg,F,Alderson,,Production Technician - WC45,687685941,1964-11-18,S,M,1/3/2003 0:00,0,85,62,332-555-0150,Work,greg0@yahoo.com
82,26,Jack,T,Creasey,,Production Technician - WC40,58791499,1967-09-30,S,M,4/3/2004 0:00,0,62,51,521-555-0113,Cell,jack1@adventure-works.com
254,250,Fukiko,J,Ogisu,,Buyer,482810518,1964-12-25,M,M,2/5/2004 0:00,0,57,48,520-555-0177,Work,fukiko0@adventure-works.com
67,26,Jay,G,Adams,,Production Technician - WC60,63179277,1970-03-14,S,M,4/6/2003 0:00,0,32,36,407-555-0165,Work,jay0@yahoo.com
262,234,David,M,Barber,,Assistant to the Chief Financial Officer,231203233,1958-07-23,S,M,2/13/2003 0:00,0,56,48,477-555-0132,Work,david5@adventure-works.com
53,26,Diane,R,Glimp,,Production Technician - WC10,9659517,1950-04-30,M,F,4/29/2002 0:00,0,87,63,202-555-0151,Cell,diane0@adventure-works.com
282,274,José,Edvaldo,Saraiva,,Sales Representative,399771412,1958-01-11,M,M,10/1/2005 0:00,1,31,35,185-555-0169,Work,josé1@safe-mail.net
169,26,Susan,A,Metters,,Production Technician - WC30,351069889,1977-05-03,S,F,1/15/2003 0:00,0,31,35,639-555-0164,Cell,susan1@adventure-works.com
209,26,Kathie,E,Flood,,Production Technician - WC45,167554340,1984-12-02,M,F,2/28/2003 0:00,0,87,63,446-555-0118,Work,kathie0@adventure-works.com
50,26,Sidney,M,Higa,,Production Technician - WC10,844973625,1950-10-01,M,M,3/5/2002 0:00,0,84,62,424-555-0189,Work,sidney0@adventure-works.com
222,25,A.  Scott,,Wright,,Master Scheduler,685233686,1962-10-19,S,M,1/13/2003 0:00,0,44,42,992-555-0194,Cell,ascott0@aol.com
70,26,David,J,Ortiz,,Production Technician - WC60,36151748,1979-01-30,M,M,1/16/2003 0:00,0,33,36,712-555-0119,Work,david2@adventure-works.com
219,25,Sean,N,Chai,,Document Control Assistant,242381745,1981-04-12,S,M,2/23/2003 0:00,0,78,59,205-555-0132,Cell,sean1@adventure-works.com
148,26,Jason,M,Watters,,Production Technician - WC30,733022683,1983-01-08,S,M,2/15/2003 0:00,0,38,39,571-555-0179,Work,jason0@aol.com
140,26,Prasanna,E,Samarawickrama,,Production Technician - WC20,339233463,1947-06-01,M,M,2/23/2004 0:00,0,5,22,129-555-0199,Cell,prasanna0@safe-mail.net
290,287,Ranjit,R,Varkey Chudukatil,,Sales Representative,134219713,1969-10-31,S,M,7/1/2006 0:00,1,34,37,1 (11) 500 555-0117,Cell,ranjit0@adventure-works.com
5,25,Gail,A,Erickson,,Design Engineer,695256908,1946-10-29,M,F,2/6/2002 0:00,1,5,22,849-555-0139,Cell,gail0@gmail.com
252,250,Arvind,B,Rao,,Buyer,792847334,1968-09-21,M,M,4/1/2003 0:00,0,60,50,848-555-0163,Cell,arvind0@adventure-works.com
266,263,Peter,I,Connelly,,Network Administrator,672243793,1974-06-29,S,M,3/27/2003 0:00,0,69,54,310-555-0133,Work,peter1@adventure-works.com
233,227,Magnus,E,Hedlund,,Facilities Administrative Assistant,552560652,1965-09-27,M,M,1/22/2004 0:00,0,87,63,583-555-0182,Work,magnus0@adventure-works.com
83,26,Patrick,M,Cook,,Production Technician - WC40,988315686,1968-01-24,M,M,3/15/2004 0:00,0,61,50,425-555-0117,Cell,patrick1@adventure-works.com
251,250,Mikael,Q,Sandberg,,Buyer,603686790,1978-09-18,S,M,3/14/2003 0:00,0,59,49,309-555-0170,Work,mikael0@safe-mail.net
241,249,David,J,Liu,,Accounts Manager,30845,1977-08-08,M,M,3/3/2003 0:00,1,57,48,646-555-0185,Work,david6@adventure-works.com
25,1,James,R,Hamilton,,Vice President of Production,519899904,1977-02-07,S,M,3/7/2003 0:00,1,64,52,870-555-0122,Work,james1@adventure-works.com
108,26,Jinghao,K,Liu,,Production Supervisor - WC50,630184120,1983-03-09,S,M,1/9/2003 0:00,0,77,58,794-555-0159,Cell,jinghao0@adventure-works.com
239,235,Mindy,C,Martin,,Benefits Specialist,619308550,1978-12-22,M,F,1/26/2003 0:00,0,51,45,522-555-0147,Work,mindy0@adventure-works.com
27,26,Jo,A,Brown,,Production Supervisor - WC60,446466105,1950-11-09,S,F,3/30/2002 0:00,0,80,60,632-555-0129,Cell,jo0@adventure-works.com
186,26,Shane,S,Kim,,Production Supervisor - WC45,551834634,1984-06-24,S,M,3/12/2003 0:00,0,75,57,810-555-0178,Cell,shane0@hotmail.com
38,26,Kim,B,Abercrombie,,Production Technician - WC60,6298838,1961-01-14,M,F,2/17/2004 0:00,0,24,32,208-555-0114,Cell,kim1@yahoo.com
154,26,Raymond,K,Sam,,Production Technician - WC20,97728960,1961-04-02,M,M,1/24/2003 0:00,0,10,25,226-555-0197,Work,raymond0@safe-mail.net
114,26,Mindaugas,J,Krapauskas,,Production Technician - WC50,342607223,1972-06-07,M,M,2/14/2003 0:00,0,97,68,637-555-0120,Work,mindaugas0@hotmail.com
123,250,Vamsi,N,Kuppa,,Shipping and Receiving Clerk,337752649,1971-04-19,M,M,1/8/2003 0:00,0,95,67,937-555-0137,Work,vamsi0@hotmail.com
29,26,Mark,K,McArthur,,Production Technician - WC60,948320468,1973-10-26,S,M,2/24/2003 0:00,0,19,29,417-555-0154,Work,mark1@adventure-works.com
101,26,Houman,N,Pournasseh,,Production Technician - WC50,153288994,1965-09-30,M,M,2/26/2003 0:00,0,3,21,180-555-0136,Cell,houman0@aol.com
221,25,Chris,K,Norred,,Control Specialist,260805477,1981-06-26,M,M,4/7/2003 0:00,0,75,57,575-555-0126,Cell,chris1@adventure-works.com
18,16,John,L,Wood,,Marketing Specialist,222969461,1972-04-06,S,M,3/10/2005 0:00,0,48,44,486-555-0150,Work,john5@aol.com
46,26,Eugene,O,Kogan,,Production Technician - WC60,66073987,1970-03-13,S,M,3/12/2003 0:00,0,36,38,173-555-0179,Cell,eugene1@hotmail.com
202,26,Tawana,G,Nusbaum,,Production Technician - WC40,436757988,1983-12-12,S,M,3/9/2003 0:00,0,50,45,368-555-0113,Work,tawana0@adventure-works.com
289,287,Jae,B,Pak,,Sales Representative,668991357,1962-04-18,M,F,7/1/2006 0:00,1,37,38,1 (11) 500 555-0145,Work,jae0@aol.co.uk
288,287,Rachel,B,Valdez,,Sales Representative,954276278,1969-08-09,S,F,7/1/2007 0:00,1,35,37,1 (11) 500 555-0140,Cell,rachel0@adventure-works.com
999,1,Chadwick,,Smith,,BI Professor,123456789,1967-07-05,M,M,1/1/2004 0:00,0,55,47,555-887-9788,Work,chadwick.smith@rentpath.com
